X1,X2,X3
0.27419,0.20583,0.46501
-0.11294,0.18295,0.10482
0.07263,-0.00049,0.19415
0.12657,0.0272,0.07539
0.08085,-0.14403,-0.19919
-0.02122,-0.03962,-0.1195
0.3023,-0.20584,0.03305
-0.01893,-0.19339,-0.5857
0.40368,-0.24416,-0.16958
-0.01254,0.16724,0.15972
0.26097,0.22299,-0.05969
0.45733,-0.08259,-0.05672
-0.27777,-0.2258,0.1739
-0.05576,-0.01759,-0.10887
-0.02666,0.44838,0.12576
0.12719,0.40826,-0.28447
-0.05685,-0.34396,-0.2455
-0.53129,-0.07138,-0.33482
-0.48809,0.30666,0.01688
0.26402,-0.00765,-0.04123
-0.06133,0.31948,0.28837
-0.35626,-0.06672,-0.00836
-0.03438,0.121,0.27075
0.24293,0.04485,0.38905
0.37904,0.64581,-0.09819
-0.08609,0.18409,0.07769
-0.05145,-0.24131,-0.16898
-0.35263,-0.12078,0.1476
0.09202,0.07405,-0.21595
-0.128,-0.3802,-0.20529
0.09109,-0.36088,0.05776
0.14097,-0.22436,0.01816
0.20702,-0.06959,0.05252
-0.12179,0.24778,0.01387
0.10099,-0.05484,-0.10573
-0.3434,0.03248,-0.02604
-0.15689,-0.01292,0.32403
-0.17018,-0.14105,-0.00358
-0.48284,0.27244,-0.2637
0.00722,-0.2193,-0.16891
0.0412,-0.04569,-0.22036
-0.07221,-0.06957,-0.18002
0.15163,0.10643,-0.25222
-0.14534,0.32145,-0.52517
-0.27366,0.10276,0.13381
0.08656,0.27647,0.13201
-0.16228,0.15262,-0.05012
0.28882,-0.12492,-0.14476
-0.08629,0.01631,-0.16244
0.13113,0.27522,0.07975
0.06439,-0.31225,0.04531
-0.15677,0.06495,0.08433
0.31515,-0.03136,0.00097
0.12858,0.17556,0.1238
0.01795,0.15003,0.08623
0.05531,0.06021,0.11166
0.13586,0.29856,0.09919
0.01797,-0.3051,0.33238
-0.59862,0.18214,-0.21101
0.05698,-0.31591,0.30166
-0.07345,0.11754,-0.06684
0.03705,0.01793,-0.013
0.11636,0.19345,0.01622
0.27995,0.01576,-0.08964
-0.14546,-0.31374,-0.51076
0.26051,-0.40156,-0.06259
0.06717,0.10819,0.00828
0.2077,-0.01468,-0.34755
0.18415,-0.1142,0.10999
0.14418,-0.06221,-0.11945
-0.20862,-0.13428,0.28955
-0.01804,-0.03147,0.05297
0.1247,-0.18626,-0.15776
-0.1907,-0.3966,0.03355
-0.10857,-0.04392,0.05152
0.1162,0.20906,0.18241
0.15364,0.37547,-0.03137
0.09275,0.00052,-0.40668
-0.17716,-0.01613,-0.25993
-0.21996,0.1926,-0.17145
0.30254,0.01071,0.08525
0.05158,-0.08698,-0.05697
0.01769,-0.34746,-0.12287
-0.02418,-0.25274,-0.16898
-0.23887,0.08126,0.03074
0.1224,-0.29193,-0.17029
-0.04343,0.20969,-0.07958
-0.03655,-0.26929,-0.188
0.18667,-0.03871,-0.27765
0.16435,-0.00047,0.19104
0.27842,-0.00257,-0.2635
-0.09523,0.03039,0.01461
0.13007,0.1197,-0.11364
0.27822,-0.02524,-0.21169
-0.22216,-0.04971,0.05186
-0.17216,0.03207,0.07463
-0.22635,-0.08673,0.25293
-0.29184,0.30748,0.06504
0.016,-0.43405,-0.02769
0.13064,0.2054,0.52049
0.24019,-0.0497,-0.13006
0.20895,0.08446,-0.20064
-0.20064,0.19753,-0.10702
0.3697,0.16711,-0.02208
-0.13335,-0.1321,0.12009
0.0211,0.31281,0.08317
-0.08445,-0.3246,-0.02115
-0.02447,0.17278,-0.17131
0.03764,-0.10232,0.22547
0.02383,-0.38347,0.18326
-0.00502,-0.37316,-0.14488
0.02161,0.04904,0.13736
-0.09709,0.44471,0.09002
-0.10084,0.05468,0.20904
-0.33222,0.22616,0.02993
-0.07647,0.16773,-0.22821
-0.10253,-0.13092,0.1605
0.54038,0.19079,-0.14574
-0.27242,0.07059,0.10544
0.02745,0.04132,0.3347
-0.29873,0.20022,-0.28377
-0.29409,0.14949,0.31238
0.02494,-0.12531,0.27063
-0.19933,0.07904,-0.10574
-0.00036,-0.17843,-0.05025
-0.08565,0.12616,-0.13717
-0.12273,-0.08654,-0.11407
-0.40494,0.09043,0.11593
-0.24495,0.0736,-0.17979
0.0359,-0.05408,-0.03807
0.11352,0.0931,-0.02878
-0.09858,0.11487,-0.01931
1e-05,-0.04614,0.03629
0.22458,0.23445,0.31931
0.28797,0.27854,-0.09027
-0.21942,-0.1324,-0.15898
-0.02346,-0.15547,0.15846
0.2403,0.10271,0.07609
-0.09395,-0.18266,0.04716
-0.01049,-0.08988,0.1182
-0.01722,0.16059,-0.28239
-0.17754,-0.1147,0.21266
-0.08894,-0.38563,0.09078
-0.00589,0.13288,0.19026
-0.08277,-0.32051,-0.1197
0.22268,-0.27092,-0.36839
-0.0962,-0.60359,-0.09692
-0.08663,0.16625,-0.18137
0.13937,0.05022,0.44455
-0.21127,0.09246,-0.08269
-0.00814,0.16896,-0.04313
-0.31031,-0.00839,0.2126
0.23343,-0.22112,0.12407
-0.05473,0.11276,0.13461
-0.09357,0.26067,0.52674
-0.24765,-0.30004,0.03322
-0.00155,-0.1214,0.38104
-0.16006,-0.05845,0.05074
-0.1067,-0.25794,-0.2918
0.25754,0.13882,-0.44545
-0.03511,-0.11984,0.12994
-0.21436,0.25138,-0.19985
0.03264,0.0107,0.00839
-0.07255,0.14562,0.35541
0.118,0.31222,0.06944
0.28648,0.05312,-0.05742
-0.19854,0.21535,-0.38492
0.09093,0.04214,-0.16013
0.01698,-0.30233,-0.11512
0.17911,0.00448,0.13684
-0.04596,0.14363,0.09669
0.16732,0.09789,0.00279
-0.34901,-0.03478,0.03605
0.33789,-0.24354,-0.05762
0.17296,0.12928,0.00605
-0.03016,-0.18329,0.05433
-0.2898,-0.25036,0.08983
0.1286,0.11899,0.36553
0.09664,-0.24656,-0.2224
-0.00127,0.04887,0.29496
0.03029,0.00055,0.1343
-0.11682,-0.26564,-0.30907
0.07376,0.23594,-0.05541
0.05893,-0.11856,-0.12587
-0.05585,0.24,-0.1866
-0.26725,-0.09501,-0.30758
0.14015,-0.11501,-0.09882
0.11084,-0.00625,-0.08707
-0.16726,-0.07161,-0.06471
-0.31892,-0.07132,-0.41222
0.04099,-0.17553,0.0883
-0.06902,-0.24258,0.14927
0.05052,0.12266,0.15793
-0.2588,-0.16124,0.15415
-0.19183,-0.27529,0.0401
0.21715,-0.10157,0.29367
0.08075,-0.16019,-0.17529
0.1173,-0.43856,-0.24532
0.36305,-0.05819,0.06757
0.02576,0.03343,0.08816
-0.40019,0.05894,-0.1493
0.06676,0.07855,0.00732
0.23427,-0.20017,0.06466
0.41191,-0.06515,0.07594
-0.27537,-0.20167,0.17531
-0.23017,-0.12709,0.18668
-0.14116,-0.24197,-0.48576
-0.21081,-0.22329,0.3456
-0.12915,0.12598,0.0912
-0.03708,-0.0545,-0.11407
-0.24024,-0.05177,-0.22292
0.40739,0.34591,0.18101
0.02155,-0.01168,0.06562
-0.01682,-0.10741,0.21562
0.09912,0.14946,-0.01206
0.00748,-0.09745,-0.0487
-0.02642,0.27458,0.44828
0.29536,-0.07553,-0.4072
-0.04341,-0.12323,0.07818
-0.25672,-0.23363,0.07696
0.07713,0.06573,0.08774
-0.0703,0.2933,0.11163
-0.10436,-0.0712,-0.05528
-0.21363,0.05229,0.23326
0.08567,0.06667,-0.49086
-0.0348,0.28444,-0.16111
0.10313,0.13278,-0.02383
-0.04687,-0.21473,0.03264
-0.1317,-0.13938,0.0813
0.25005,-0.14923,0.12787
-0.05435,0.02831,-0.3017
0.18959,-0.00079,0.00153
-0.24032,0.07359,0.10483
-0.09322,-0.13147,0.26527
-0.05387,-0.07527,-0.02271
-0.07819,0.14827,0.31983
0.26974,-0.01992,-0.05631
-0.00455,-0.13086,-0.00998
0.04885,0.19423,0.03204
-0.18847,0.0027,-0.10048
-0.14584,-0.18331,0.14319
0.19961,0.34194,-0.26916
0.2517,-0.23362,-0.00113
0.24977,-0.35621,-0.10811
-0.27613,-0.45063,-0.10941
0.40999,0.13023,0.23029
0.20337,-0.10657,0.21044
-0.00534,-0.05511,0.31961
0.14072,0.05793,-0.05276
-0.19428,-0.0933,0.00648
-0.21923,-0.32161,-0.31032
0.00981,-0.38996,-0.07764
-0.2397,-0.06814,0.35283
0.038,0.03495,-0.08331
0.25954,-0.45556,-0.23327
-0.20677,0.0581,0.00838
-0.14769,0.08446,0.2493
0.00931,0.25895,-0.31559
-0.20352,0.03294,-0.05076
-0.07666,0.04099,0.09357
0.17455,0.12092,0.39551
0.19391,-0.00383,-0.12312
0.07677,-0.01594,0.30388
-0.37031,0.0232,-0.08658
-0.0108,0.14883,-0.2062
0.21295,-0.08626,-0.22687
0.16264,-0.09991,-0.04422
-0.03816,-0.17303,-0.00448
-0.53999,-0.19155,-0.06458
0.01219,0.06536,0.21044
0.11475,0.30947,0.03791
0.00916,-0.19377,-0.02117
0.03148,-0.03769,-0.12051
0.08631,-0.206,-0.2592
-0.07931,0.18162,-0.39187
0.262,-0.06348,0.04268
0.09408,0.0358,0.00507
-0.24853,0.06961,0.273
0.27632,-0.21086,0.05822
0.24089,-0.02095,0.15944
0.16481,-0.04567,0.0082
-0.33253,0.13507,-0.16366
-0.11386,-0.24665,0.05793
0.1271,-0.23999,0.06796
0.00874,0.15317,-0.16348
0.0696,-0.11762,-0.00575
0.49192,-0.13206,0.40016
-0.16368,0.0226,-0.22585
-0.42264,-0.06408,0.29444
0.05474,0.37328,-0.04541
-0.13752,0.05191,0.29646
0.08921,0.03231,-0.16861
-0.16248,0.18621,-0.01324
0.44241,-0.01199,0.06225
-0.02474,0.00975,-0.02252
-0.09547,-0.21458,0.13175
-0.03325,-0.45859,-0.03337
0.17251,-0.24144,0.24177
0.01947,0.02282,0.03408
-0.32512,-0.20666,0.13848
-0.00092,0.13776,-0.23711
0.15205,0.14502,-0.13168
0.0078,0.04348,0.2179
0.14701,-0.04033,0.10176
-0.02929,-0.27314,-0.02718
-0.01158,-0.06179,-0.02176
0.09647,-0.09058,0.15098
0.19859,0.13265,-0.04476
-0.24928,0.26173,0.01499
-0.0067,0.10021,-0.32919
-0.01419,-0.22566,0.3548
-0.15178,0.3342,0.15319
-0.20687,0.20207,0.16646
-0.12615,0.0447,-0.38109
0.11736,-0.4413,-0.00417
-0.08326,-0.19092,-0.08179
-0.15698,-0.01371,-0.27528
0.03268,0.15226,0.14549
-0.24734,-0.23598,0.24683
0.20917,0.64224,-0.11064
-0.09692,-0.51076,-0.04584
0.03783,-0.04719,0.34229
0.0102,-0.05191,-0.32996
-5e-05,-0.13267,0.14884
0.36188,-0.0638,-0.0628
-0.16507,0.14848,-0.02306
0.22909,-0.17486,-0.12219
0.00631,-0.41656,0.21934
-0.16704,0.01875,-0.22543
-0.01375,-0.00036,0.19252
0.14935,-0.00262,0.28129
-0.0851,0.13359,-0.32833
-0.15442,-0.00263,-0.22538
0.03055,0.15521,0.11831
0.19772,-0.40215,-0.19126
-0.01469,-0.22564,-0.13831
-0.27741,0.06976,-0.08907
-0.26134,-0.07058,-0.0689
-0.15368,0.18895,0.14074
-0.10542,-0.20094,-0.1206
-0.00429,0.14478,0.01787
0.1341,-0.13377,0.1475
-0.08692,-0.22261,-0.30808
-0.22278,-0.06856,-0.13793
0.12142,0.00996,0.17196
0.05509,-0.24554,-0.0753
0.23147,-0.1528,-0.50702
-0.3365,-0.24924,-0.17156
0.01746,0.20335,0.16321
0.27067,0.14472,-0.08532
0.14483,-0.20651,-0.08093
-0.16651,0.11147,-0.02915
0.14651,-0.05112,0.14389
-0.17439,-0.22268,-0.09822
-0.09068,0.08424,0.09519
0.23751,-0.06459,0.11463
-0.05803,0.17604,-0.20377
0.16571,-0.03897,-0.01237
-0.05825,0.23761,-0.10766
-0.31527,-0.10195,0.08339
-0.16976,0.04391,-0.30166
-0.2177,0.07406,0.30783
-0.09686,0.05582,0.2692
-0.06726,0.04039,-0.16857
-0.03067,-0.0026,-0.13397
-0.04865,-0.01817,-0.1817
0.37844,0.27301,-0.02731
-0.2772,0.18163,-0.10021
-0.08296,-0.12198,0.02253
0.06982,0.27929,-0.37504
0.32569,0.02896,0.03171
0.0177,-0.12812,0.00311
0.24783,0.03396,-0.32012
-0.32891,-0.03144,0.05519
0.28927,0.02019,0.01099
-0.13811,-0.19468,-0.04611
-0.05529,-0.16397,-0.00264
-0.22188,0.27258,0.07699
0.02677,0.19227,0.06934
0.35707,-0.17674,-0.08632
0.48443,-0.18002,0.23004
-0.21537,0.34467,-0.00731
0.09719,0.38181,-0.02716
0.2777,-0.15543,0.18892
-0.03913,-0.26046,0.19841
-0.04363,0.5247,-0.14013
-0.06096,0.04593,-0.19821
0.11957,0.03735,-0.14112
0.27949,0.01523,-0.23516
0.13752,0.28097,-0.35624
0.06404,-0.03834,0.06212
-0.06037,0.29188,-0.02902
0.09967,-0.04413,0.12851
-0.10991,0.10103,-0.00033
-0.05585,-0.2067,0.08183
0.2193,0.03409,-0.09921
0.0884,0.24013,-0.19202
0.0482,-0.03268,0.15563
-0.05112,0.2565,0.15222
0.18621,0.54544,-0.34674
0.26698,0.18838,0.17546
-0.17385,-0.04972,-0.35467
0.0111,0.0193,-0.00914
0.00981,-0.08679,-0.07897
-0.11567,0.43573,-0.02561
-0.19975,-0.59176,0.21925
-0.00049,0.01618,-0.25104
0.1311,0.02203,-0.0531
0.29537,0.04269,0.51066
-0.38183,-0.31156,-0.29566
-0.14049,0.04324,-0.12532
-0.06229,0.03753,-0.00821
-0.33263,0.25172,0.03999
-0.15011,0.1047,-0.10666
-0.15547,0.22309,-0.05321
-0.14451,-0.1915,0.21683
-0.43777,-0.02488,-0.03615
0.04268,0.03835,0.05031
-0.12638,0.05444,0.07391
0.3041,-0.13876,0.08141
0.15919,0.29583,0.0985
-0.29071,-0.12235,0.01093
0.01968,-0.32286,-0.14173
-0.11875,0.0805,-0.01165
0.17766,0.13291,-0.19268
0.01061,0.18883,0.01868
-0.1114,-0.18925,-0.06958
0.08768,-0.04966,-0.02367
0.03052,-0.26569,-0.21982
-0.03292,0.16895,-0.05662
0.40398,0.06954,-0.21795
-0.10588,0.18275,-0.08113
-0.09416,0.12165,0.10538
-0.30919,-0.12151,0.04808
-0.00811,0.03593,0.17967
0.17807,-0.38168,0.09759
-0.41428,0.10059,0.0224
-0.05001,0.19378,0.19966
-0.23633,-0.17515,0.23834
0.28839,-0.4272,-0.27988
0.27158,-0.30457,0.17843
0.0669,-0.22262,0.15559
0.28587,0.2482,0.18838
-0.17346,0.0007,-0.18176
0.19013,-0.24756,0.48179
-0.117,0.11114,-0.51885
0.06419,-0.43663,0.00137
-0.05988,-0.0494,0.02362
-0.05571,0.22257,-0.02994
0.10922,-0.06833,0.14957
-0.26076,0.26109,0.02481
-0.05018,0.35906,-0.15561
0.0342,-0.23357,0.28201
-0.08069,-0.23046,-0.05878
0.02093,-0.18289,0.12214
-0.06378,0.10575,-0.1333
0.32367,0.16702,-0.21198
0.14284,0.24183,-0.12117
0.59317,0.25989,-0.21137
-0.15902,0.21515,0.10662
0.16287,0.18796,-0.31042
0.41961,0.03267,-0.1957
0.0602,-0.17763,0.00544
-0.21662,-0.14523,-0.34311
-0.20126,0.08152,-0.10098
-0.00708,0.33671,-0.06098
0.26182,0.3412,0.26922
0.15008,-0.38523,-0.05151
-0.42767,-0.1668,-0.10466
-0.14007,0.28383,-0.13264
-0.00181,-0.21282,0.08944
-0.29163,-0.32272,-0.06389
0.13891,0.11996,-0.10876
-0.49227,0.34659,-0.05593
0.02866,0.3869,0.21305
-0.07824,0.10656,0.31357
-0.09823,0.14393,-0.12862
-0.05673,0.11202,0.0041
0.06296,-0.00362,-0.06484
0.07927,-0.67435,0.37148
-0.04512,0.15214,0.11815
-0.38499,-0.07825,-0.35613
-0.28785,0.20198,-0.08682
-0.29393,-0.12539,-0.45855
0.15237,-0.32692,-0.01859
-0.04872,0.24905,0.14079
0.05394,0.03628,-0.1789
-0.31179,0.69906,-0.2565
-0.10712,0.18312,0.25116
0.11249,0.2097,-0.19293
-0.03567,0.15276,0.18156
-0.02303,-0.12068,0.04281
-0.01441,-0.07409,0.1762
0.24218,0.21197,0.20051
-0.12298,0.21102,0.22798
0.13523,0.11659,0.24721
0.17972,-0.19731,0.05908
-0.23786,0.33692,0.03435
0.02425,-0.27337,-0.19108
-0.00224,-0.08664,-0.24208
0.87972,0.05012,0.12347
0.97284,-0.05558,-0.00091
0.80255,-0.34495,-0.01825
1.16639,-0.40134,0.07999
0.84099,-0.25836,0.11778
1.06809,0.07317,-0.00338
1.17409,-0.03044,0.08374
0.76357,-0.14682,0.16015
1.20458,-0.15639,0.13598
0.57831,0.11031,0.26193
1.04595,-0.32217,-0.37824
1.30234,0.14964,0.06898
1.11109,0.08986,0.03095
1.18298,-0.17401,-0.15329
0.88932,-0.01955,-0.15058
1.05968,0.17862,0.10485
1.22128,0.27018,-0.07109
0.73417,0.29779,-0.05205
1.20034,0.07421,0.10144
0.71814,-0.04289,0.22864
0.90024,0.0911,0.41336
1.52455,-0.05162,0.15397
1.10213,-0.20058,0.4004
0.98183,0.16883,0.25432
1.19575,0.13893,0.0667
0.95124,0.2522,0.05081
1.12436,0.33331,0.38618
0.93108,0.29437,-0.20259
0.52896,0.15786,0.01289
1.09448,-0.00729,0.03847
0.8977,-0.01826,-0.468
0.88528,-0.08257,-0.07035
1.00076,-0.15621,0.06932
1.26851,-0.07802,-0.56579
1.05909,0.12277,0.07357
1.16836,0.07694,-0.0571
1.12581,-0.24113,0.08855
1.02032,0.23957,0.14353
1.13422,0.25823,0.28478
0.97234,0.29661,-0.33708
0.75014,-0.24472,0.00835
1.06953,-0.08263,-0.12659
0.54444,-0.08192,0.00602
0.80276,-0.09023,-0.02583
0.98809,-0.11294,-0.23518
0.96785,-0.112,-0.36136
0.91593,-0.19411,0.42406
1.19772,-0.11256,-0.26488
0.78608,-0.06641,0.055
0.47727,0.03873,-0.22177
1.15609,0.12113,0.30155
1.00902,0.19157,-0.35346
0.9783,-0.16016,-0.17772
0.92176,0.00851,-0.24381
0.6626,0.46714,0.01006
0.80946,-0.09237,-0.09816
1.10148,0.14809,0.47701
1.00376,-0.13967,-0.00088
0.71622,0.21307,0.26634
1.11963,0.1091,0.16416
1.15728,-0.18364,0.13714
0.97307,0.20504,0.10318
0.99672,0.22515,0.05476
1.28183,0.17656,-0.14267
1.07897,-0.55362,-0.06861
1.24398,0.02877,0.0938
0.99098,0.30398,-0.49517
1.2959,-0.03426,-0.37109
0.98486,-0.13163,-0.0841
1.18355,-0.03086,-0.37321
0.93104,-0.47661,0.0227
0.7846,-0.22766,0.094
1.20032,-0.01745,0.17692
1.4592,0.16707,0.22272
0.93482,0.04242,0.11337
1.29377,0.12827,0.1092
0.95262,-0.20642,0.04797
1.1847,0.29715,0.00683
0.80216,0.2381,-0.16162
1.05513,0.12345,0.44553
0.84727,-0.03459,-0.1585
0.72958,0.17232,0.33946
1.131,-0.12402,0.18778
1.32193,-0.17564,0.40706
0.8423,-0.44572,0.14633
0.82322,0.03865,-0.08397
0.7855,-0.46253,-0.06195
0.90837,-0.00487,-0.27214
1.13313,0.08827,0.20754
1.14245,0.15792,0.00924
1.08859,0.20436,-0.01155
1.15192,0.12305,0.01535
0.90622,-0.17192,-0.12673
0.96546,0.17815,-0.08468
1.13641,0.01265,0.15534
0.94368,-0.37293,0.26218
0.80768,-0.02263,0.01166
0.72447,-0.35668,0.04908
1.53952,-0.2107,0.04646
0.66006,-0.12387,0.03776
1.00586,-0.11739,-0.04836
1.38686,0.1854,0.11443
1.1675,-0.01308,0.14116
0.96293,-0.18742,0.04098
1.10667,-0.12677,0.11042
1.35699,-0.11504,-0.11377
1.03793,0.03764,0.03854
0.88618,0.10793,0.12427
1.29038,-0.08418,-0.02144
1.3738,-0.06789,-0.02482
0.80309,0.10362,-0.093
1.14375,-0.17388,0.11468
1.02587,-0.03213,0.05099
1.14033,-0.02852,0.53443
1.10534,-0.15304,-0.0269
0.9959,-0.13196,0.02231
1.08765,-0.06148,-0.202
0.75789,-0.17639,0.17758
0.71912,-0.01907,-0.06144
1.14415,-0.25519,0.02663
1.01721,0.07512,0.18907
0.97368,-0.09385,0.30514
0.66479,0.15979,-0.04949
0.8861,0.08526,-0.07132
1.03844,-0.10243,0.04159
0.90274,-0.0695,0.24185
1.01626,0.12188,0.02331
1.07698,0.14709,0.03841
0.9725,0.09534,0.15732
1.08552,0.06566,0.14797
0.95139,-0.35625,0.21734
0.93633,0.02388,-0.39056
0.94918,-0.28366,-0.23649
1.12778,0.01521,-0.23614
1.16421,-0.13217,0.0754
1.4671,-0.0211,-0.27136
0.80334,-0.23602,-0.04572
0.85851,-0.03287,0.08465
1.12883,0.30389,0.38818
1.32753,0.36503,-0.0482
1.24533,-0.49773,-0.00419
0.90646,-0.33086,0.04713
0.86435,-0.28417,-0.11907
1.33928,-0.25526,-0.63991
1.30857,0.41582,0.30226
1.04291,0.20311,-0.06872
1.34014,-0.02192,-0.14339
0.9984,0.1963,0.05758
0.83642,0.45227,-0.12349
0.98988,0.12742,0.18403
1.01598,0.35511,-0.09082
0.68809,-0.2295,0.17115
0.9657,-0.21586,-0.04671
0.91628,0.21359,-0.19567
1.09826,0.17835,0.14744
0.89375,0.17402,0.48832
1.09644,0.09715,-0.1985
1.10726,-0.09422,-0.08815
0.94414,0.18993,-0.23388
0.9913,0.36955,0.3184
1.4763,0.24808,0.02545
1.30961,-0.27616,-0.46542
1.31095,0.09494,-0.43935
1.01162,0.00247,0.18783
0.83204,0.01742,0.05983
1.11422,-0.03647,-0.39799
1.01321,-0.25313,-0.24083
1.71693,0.06626,0.07967
0.61362,0.27035,0.00895
0.95943,0.32731,-0.37323
1.29674,0.09599,0.1505
0.5803,-0.14726,-0.08514
0.94807,-0.1166,0.24883
1.06681,-0.12229,0.09007
0.95607,0.12067,0.23656
0.81365,-0.04715,-0.3928
0.97555,0.58084,0.14932
1.26771,-0.05366,0.21026
0.73033,0.02962,0.10483
1.28297,-0.04136,-0.22312
1.18281,-0.12851,-0.00955
0.75266,0.16951,-0.38341
0.69985,-0.10551,-0.11435
1.00691,0.00047,-0.14964
1.05726,-0.05638,0.06904
1.23724,-0.56569,0.43279
0.99249,0.13019,0.06733
1.08407,0.03155,-0.08357
1.25785,-0.17069,0.18474
1.23414,0.27262,0.15335
1.16522,-0.25258,0.04975
1.06478,-0.35559,-0.13144
1.07619,-0.13738,0.11662
1.24052,-0.23687,0.13814
1.22044,0.15794,0.05837
0.9877,0.01719,0.38461
1.07292,-0.07401,0.46123
1.33851,0.00187,-0.19784
1.29427,-0.19021,0.08029
0.80455,0.03634,-0.24648
1.28964,0.03807,-0.10894
0.98283,-0.01435,-0.08691
0.68525,-0.00057,-0.02817
1.2585,-0.22164,0.35163
1.01689,0.18704,-0.16603
1.19341,-0.29717,0.10289
1.38782,0.44571,0.15743
1.21597,0.32483,0.0484
0.92928,0.10395,0.11198
0.97302,-0.27041,-0.13008
0.80257,0.08522,-0.09168
0.83566,-0.33264,-0.1361
1.09791,-0.05399,-0.43849
0.94014,0.15816,0.1252
1.13165,0.16812,-0.08309
1.16648,0.00659,-0.03526
1.07269,-0.04763,0.13305
0.92027,0.05271,0.00998
0.70041,-0.31836,-0.02229
1.02293,-0.07525,-0.10583
0.79244,0.36251,0.32317
1.1292,-0.34762,0.0279
1.15457,0.32582,0.02392
1.0632,0.10562,0.19597
0.79238,-0.07209,0.07588
0.84897,0.44752,-0.17604
0.9017,-0.00804,-0.08129
1.02945,0.37883,-0.15543
1.4713,0.00496,-0.3367
0.81587,0.11069,-0.0334
0.56863,-0.11487,0.11879
0.97592,-0.18567,-0.10363
0.83215,-0.40009,0.08824
0.56551,-0.12441,0.15112
0.82514,0.14543,-0.02259
0.92528,-0.22044,-0.09493
0.77956,-0.23189,-0.14042
1.14313,-0.08778,-0.05587
1.18153,0.03183,0.31284
0.93504,-0.09892,0.01822
0.70368,0.24247,-0.09244
1.11883,0.05853,-0.09009
0.82903,-0.00721,0.01462
0.83402,-0.22052,0.02627
1.02982,-0.18713,0.26913
0.80477,0.09217,-0.08467
0.94106,-0.06647,0.19539
0.84581,0.22123,-0.1262
1.07846,-0.32674,0.04395
0.83074,0.06704,-0.06913
0.83125,-0.10493,0.20118
0.80762,0.29267,0.27946
1.00221,0.08544,0.30707
1.24299,-0.20503,0.13691
0.82222,-0.26161,-0.10107
1.04362,0.04592,-0.02485
0.86878,-0.0614,0.06027
0.7823,-0.01677,-0.41747
1.21823,-0.03315,0.28408
0.88615,0.131,-0.2138
1.32416,-0.21497,-0.09187
0.8626,0.69418,0.26633
1.1314,0.05882,0.08196
1.22214,-0.10727,0.09447
1.42814,-0.02895,-0.14994
0.83381,0.10843,-0.32034
1.01528,0.12684,-0.15829
1.18716,-0.35497,0.1004
0.89967,-0.41323,0.14344
1.11897,-0.01798,0.00867
0.91387,0.16736,-0.07883
0.77333,0.03325,0.076
0.55257,0.20511,-0.12449
1.10293,0.08064,0.10228
0.93162,0.08232,-0.22027
1.34358,0.33604,0.37228
0.77672,-0.21242,-0.541
0.9023,-0.15825,0.28359
1.16147,0.0777,-0.13106
0.9478,0.0508,0.25046
1.09761,-0.43743,-0.29206
1.27056,0.10756,-0.06615
1.43536,-0.25798,0.04216
1.01028,-0.24511,-0.2019
0.83238,0.34542,-0.10696
0.78308,0.23207,0.09901
0.89069,-0.14963,0.1097
0.9147,0.33333,-0.24555
0.7578,-0.10594,-0.20132
1.11956,0.20573,0.04143
1.28478,0.27534,0.28348
0.91134,0.2662,0.14942
0.79193,0.25093,-0.30389
0.74522,-0.05747,-0.14401
1.15403,-0.10935,-0.36764
1.0063,0.25079,0.15688
0.61903,-0.01434,-0.17421
0.97525,-0.13649,-0.00217
1.00007,-0.205,0.12183
0.83124,0.26032,-0.02661
0.75573,0.15161,-0.16991
0.9094,0.29592,0.02303
0.85954,-0.12391,-0.26627
0.86512,0.05194,0.47489
0.5394,-0.2173,-0.49917
0.97013,0.01724,0.44074
1.18974,-0.16924,0.11428
1.23127,0.07778,-0.11675
1.41487,-0.00753,0.05497
1.05306,0.28912,-0.00966
0.7896,0.06344,0.45049
1.10047,-0.0808,0.4416
1.21997,-0.34805,0.15337
1.3773,-0.09056,-0.05684
1.16225,-0.11722,0.03033
1.28365,0.22958,-0.15622
1.08783,0.09147,-0.19148
0.7445,-0.11756,-0.06087
0.82773,0.04558,0.30618
1.3774,0.02683,-0.09566
1.14082,0.06587,0.05519
0.86646,-0.0595,0.25856
0.85886,0.237,0.0848
0.81586,0.26191,0.10555
1.02969,-0.23409,-0.13077
0.95,0.19922,0.02434
0.81165,-0.1494,-0.19737
1.24284,0.04437,-0.15112
1.00371,0.20019,-0.2322
1.15157,0.09883,-0.08856
0.92399,-0.00169,0.06699
1.03499,0.01923,-0.02013
1.2067,0.45014,-0.19511
1.13514,0.28733,-0.19464
1.18826,0.00208,-0.26816
0.63467,-0.06416,0.08282
1.03544,0.36833,0.05483
0.96164,0.01798,-0.28279
0.86996,0.08056,-0.33639
0.88786,0.26188,-0.01402
1.33515,-0.12265,-0.09206
1.08611,-0.0871,-0.24143
0.97108,-0.07642,0.20809
1.18781,0.03427,-0.01324
0.8909,-0.48331,-0.00397
1.02777,-0.08363,0.12311
1.28937,0.14144,0.08408
0.93347,0.06236,-0.06559
0.84017,0.07013,-0.22689
0.89034,-0.31737,0.23645
0.78984,0.0433,-0.34216
1.05053,-0.02295,0.27589
1.06557,0.00407,-0.1082
1.17113,0.17856,0.41509
1.36035,0.28962,-0.04095
1.28105,-0.05041,-0.11028
0.74984,-0.11949,0.00824
1.39982,-0.04955,0.26341
1.02786,0.15487,-0.36193
0.92267,-0.02372,-0.0616
1.37113,-0.08352,0.05891
1.08577,-0.01049,0.02955
1.34616,0.27079,0.02319
0.9913,-0.18413,-0.06467
0.85378,-0.06215,-0.22807
0.60681,-0.21116,0.57226
1.22537,0.44775,-0.29028
0.82238,-0.09461,0.19675
1.17427,0.18121,-0.22157
1.02398,0.00758,-0.39978
1.09449,-0.03507,0.03014
1.25333,-0.07232,0.42179
0.90294,-0.16072,0.12584
0.90769,0.26832,-0.32753
0.95365,0.12519,-0.1317
1.21207,0.00623,-0.15006
0.90504,-0.21898,-0.22903
0.9649,-0.09728,0.20552
1.15926,0.19062,0.49561
1.15575,-0.1989,-0.29066
1.15936,-0.11437,0.16445
1.00981,0.15663,-0.21329
1.15252,0.07627,0.21886
1.0572,-0.12001,0.04412
0.87344,0.33052,-0.05665
1.36088,-0.23815,0.14201
0.6274,0.28314,0.4421
1.16911,0.16283,0.28241
1.06833,-0.41951,-0.03932
1.00456,0.06403,0.15108
0.87772,0.16021,-0.21882
0.94789,-0.15834,0.08604
1.36113,-0.00213,0.19211
0.9806,-0.3247,0.09181
0.9231,-0.18151,-0.11929
0.82433,0.02735,-0.00902
0.90088,0.05424,-0.1163
0.98314,-0.01473,0.08857
0.72846,-0.15489,-0.06205
1.22854,0.11876,-0.04457
1.01957,0.2655,-0.12652
1.293,-0.12017,0.21344
1.19809,0.0113,0.06748
1.28288,-0.10622,-0.19073
0.73282,-0.01618,0.05023
1.11592,0.03215,-0.10963
0.92764,-0.02043,0.02065
0.99063,-0.07095,0.3732
0.8801,-0.09425,-0.2082
1.04302,0.00681,0.044
1.01873,-0.04014,-0.28476
0.57603,-0.10889,0.1232
1.17049,0.07547,-0.28831
1.03087,0.08075,-0.34035
0.80563,0.03405,0.11144
0.77971,-0.22022,-0.1501
0.86195,0.08049,-0.39419
0.68327,0.08516,-0.26489
1.02755,-0.05663,0.21511
1.30047,0.11073,0.03517
1.03858,0.25287,0.04158
1.10543,0.06556,0.17864
0.70336,0.15302,0.03972
0.69216,0.25651,-0.63626
0.82071,0.33178,0.00394
1.14421,-0.09615,-0.27883
0.8231,-0.08157,-0.18665
1.11172,-0.06578,-0.32581
0.95625,0.22022,0.07382
1.07672,0.11634,0.45713
0.79218,0.19156,0.09731
0.8102,0.06028,0.38643
0.97917,-0.05769,-0.04643
0.95826,-0.29123,-0.10749
0.64225,-0.34093,0.15722
1.10742,0.40224,-0.25047
0.61006,0.00079,-0.26483
0.91695,0.11164,-0.59365
1.01103,0.1389,-0.44514
0.8596,0.28926,-0.08833
0.71923,0.12669,0.02493
0.92024,0.00527,-0.07
0.97792,0.14858,-0.3807
0.81518,0.06946,-0.23081
0.72855,-0.12573,-0.15784
0.76108,0.1917,0.17988
0.8943,0.03289,0.06321
0.90947,-0.00694,-0.1654
1.2839,-0.18415,-0.32291
0.74286,0.22961,-0.03329
1.07623,-0.07798,-0.35528
0.91651,-0.01985,-0.13338
1.01857,-0.00559,-0.06159
0.86728,-0.0114,0.24451
1.16057,0.11113,0.17917
0.65938,0.18038,0.04078
1.03078,0.10732,-0.0432
1.00522,-0.29424,-0.0976
1.21117,-0.48187,0.12041
0.95511,-0.073,-0.27882
1.09932,-0.03625,-0.07083
1.07993,-0.02981,0.24621
0.87062,-0.27854,-0.16268
0.98325,-0.13587,-0.30533
0.97328,-0.36382,0.00018
1.22392,0.5278,0.05903
1.04784,0.10932,0.34131
1.05812,-0.00123,-0.1815
1.46872,-0.37803,-0.10532
1.08326,-0.05336,0.248
1.0725,0.16409,-0.05358
1.10634,0.15564,0.06085
1.30961,0.09082,0.09406
1.1923,0.28201,0.25724
1.06769,-0.36221,0.1834
0.87781,-0.22049,-0.00819
1.07141,-0.00383,-0.25783
1.0283,0.02986,-0.01586
0.63274,-0.10649,0.14798
0.69179,0.23957,0.25535
0.64112,-0.40852,0.13303
1.2829,-0.20286,-0.30454
1.12367,0.32078,0.02524
0.52991,0.17847,-0.22628
1.09341,-0.30354,-0.09549
1.01277,0.16471,-0.21969
0.94875,0.07311,0.34149
0.8511,-0.26618,-0.03682
0.74619,0.07192,0.37229
1.17253,0.1786,-0.34841
0.88461,-0.19902,-0.15669
0.97355,0.10393,0.15905
1.11737,-0.24715,-0.10645
1.107,0.10595,0.39716
0.92132,-0.19661,-0.13036
0.89188,-0.07515,-0.43139
1.05189,-0.20835,-0.01841
0.76434,0.13953,-0.07948
1.06123,-0.02889,-0.02767
1.0347,0.09971,-0.16515
-0.13713,1.05809,-0.02836
-0.15854,0.73924,-0.16278
-0.0814,0.97718,-0.06511
-0.22973,0.98141,0.07563
0.22315,0.97549,-0.3989
-0.17589,0.82334,-0.19987
0.25586,1.12003,0.05676
-0.29086,1.14343,-0.22024
0.16845,0.92183,0.19667
-0.12064,1.08558,-0.20333
0.02631,0.83258,-0.17278
0.15289,1.00451,-0.0454
-0.18343,1.15201,-0.05448
0.04748,1.04914,-0.05076
-0.00894,1.02828,0.08316
-0.22371,1.26812,0.11449
0.11534,0.85018,-0.36365
-0.46035,1.15532,0.19067
0.3088,1.04564,0.26885
0.23926,0.85272,-0.15089
-0.04034,0.98591,-0.37738
-0.08645,0.92477,-0.32783
0.06939,1.13264,-0.38256
-0.09708,1.08214,0.06174
-0.03906,0.63363,0.12683
0.04596,1.32968,0.29479
-0.01893,0.57342,0.06471
0.34204,1.1374,0.1847
-0.06715,0.85025,-0.11138
-0.17506,1.21382,-0.19859
-0.22651,1.07937,0.05347
-0.1132,1.27707,0.06744
-0.19488,0.96438,-0.41466
0.18902,0.51402,0.18759
0.04955,0.9536,-0.12261
-0.02093,1.02119,-0.02242
0.00555,1.24351,-0.20279
-0.18146,0.76565,0.12728
0.47019,0.9467,-0.07414
0.16175,0.90906,-0.28427
0.15683,1.30099,0.05782
0.03405,0.67549,-0.32957
0.03184,1.21181,-0.03805
0.1356,1.2314,0.00388
0.08687,0.97721,0.54037
0.15611,1.17104,0.10219
-0.08891,1.10223,-0.25467
0.2543,0.85712,0.07529
-0.29468,0.86101,-0.01975
0.3652,0.5955,0.04411
-0.01643,1.31629,-0.32319
0.04141,1.25937,0.33618
-0.01163,1.25407,0.11165
-0.16861,0.99678,-0.07528
-0.0933,0.88365,-0.40551
0.30329,0.66928,0.07958
0.41479,0.88512,-0.27938
-0.21135,0.81848,-0.23645
0.07105,0.72689,0.10846
-0.10753,1.06166,0.14694
0.01806,0.90547,-0.0757
0.06971,1.08924,-0.32856
-0.1035,0.84497,-0.47073
0.05746,1.41214,-0.28004
0.33361,1.51708,-0.13936
-0.21619,1.29996,-0.19473
-0.07957,0.97996,0.06428
0.05944,1.12944,-0.1638
0.07469,0.71908,0.09454
0.01352,0.73318,0.23908
0.06933,0.91065,-0.08913
-0.03291,1.33812,-0.27063
0.038,0.95533,-0.23701
-0.01374,1.18469,0.15212
0.18329,0.99009,-0.31147
0.14211,0.93062,0.32044
-0.00382,1.03985,0.05584
0.26263,0.97353,0.19163
0.03408,1.29085,-0.14758
0.11576,0.73587,-0.12821
0.04558,1.02184,0.08929
-0.12249,0.99491,-0.03784
0.14681,0.97297,0.11762
-0.3701,0.87189,-0.03761
-0.19371,1.1435,-0.03661
0.12553,0.70462,0.35207
0.24806,1.15082,0.09836
-0.30138,0.56204,-0.46538
0.23652,1.31062,0.14345
-0.26684,1.14041,-0.13647
-0.11926,1.0103,0.00772
-0.2659,0.51441,0.27069
-0.03642,0.98279,0.33828
0.00983,0.85233,-0.39545
0.08242,1.23354,-0.30508
-0.08447,0.67347,0.08755
-0.00393,0.67737,-0.12863
0.0606,0.95507,-0.09522
-0.19448,0.98897,0.24588
-0.14023,0.87453,-0.09231
0.27569,0.96313,-0.23343
-0.59063,0.94739,-0.06007
0.19117,0.89487,0.15399
0.21201,0.86495,0.04805
0.27019,0.96864,0.15083
-0.08031,1.19385,-0.35382
0.168,1.37265,0.02327
0.04309,1.20377,0.1384
-0.1276,1.00914,0.2756
0.11057,0.75964,-0.54719
0.07407,1.18187,-0.15651
-0.0778,1.29239,0.16161
-0.09202,0.96307,0.10481
-0.05318,0.96197,0.07122
0.10029,1.24866,-0.32099
-0.01047,1.03712,-0.06454
-0.27043,1.4542,-0.43229
0.06172,0.98969,0.00382
-0.0734,0.67689,-0.19854
0.15216,1.21159,-0.28795
-0.24176,1.07238,0.03386
-0.38171,0.94682,0.36497
-0.09955,0.74884,-0.31689
-0.12741,1.1753,-0.17477
0.13525,1.11853,-0.03916
-0.37388,1.05431,-0.14133
-0.21371,1.31065,-0.20874
-0.0252,0.78724,0.122
-0.14726,1.04136,-0.20144
-0.03825,0.95021,-0.03236
-0.23966,1.10308,0.19601
-0.16485,1.08856,0.07239
-0.18391,0.97658,-0.32113
-0.34877,0.70043,0.26221
0.07661,1.00944,0.10788
-0.10821,1.29605,0.04376
-0.11119,0.60709,-0.02599
0.22179,0.89229,-0.17301
0.13355,1.10056,-0.16513
-0.13874,0.78134,-0.19083
0.176,0.79479,-0.27844
-0.07579,0.79759,0.1065
-0.08625,0.84347,-0.272
0.03329,1.07191,0.0836
0.0281,1.39972,-0.17005
-0.02151,1.11079,0.17391
-0.0504,0.83834,0.2069
0.08,0.8886,0.00415
0.19883,0.78288,0.07902
-0.07877,0.85604,0.05527
0.29035,0.86149,-0.28138
-0.167,1.2827,0.16094
0.40029,1.12819,0.15501
0.16406,0.6565,-0.18163
-0.07231,1.16524,-0.1992
-0.42513,1.25616,0.07251
-0.07961,0.95373,-0.21722
-0.06952,1.27177,0.03505
0.28899,1.06825,0.1269
0.07525,1.12845,-0.05366
-0.36422,0.93576,-0.02868
0.05454,1.28804,-0.13707
-0.18856,1.01075,-0.06209
-0.34018,0.94606,-0.11403
0.18381,1.09335,0.50687
0.12034,0.97786,0.12031
-0.08,0.94879,0.22551
0.28749,1.14522,-0.09405
-0.06244,0.9598,-0.04149
-0.33708,0.91547,0.54913
0.18219,0.89157,-0.16606
-0.135,0.72196,-0.12854
0.02746,1.32143,-0.02832
-0.18465,0.86943,0.22087
-0.26089,0.92393,-0.6002
0.08829,1.01735,0.41072
-0.17974,0.87019,-0.21876
-0.10831,0.5967,-0.24531
0.14482,1.08972,-0.06846
-0.51248,1.10468,0.13171
-0.18744,0.95078,-0.17029
0.30591,0.89109,-0.3752
-0.00108,0.83926,-0.09797
-0.33664,1.39089,0.06565
-0.00988,0.94062,0.17303
0.0091,0.99292,0.22794
-0.15517,1.02144,-0.08679
-0.13707,0.95388,0.2926
-0.0078,1.47801,0.23956
0.16795,0.99767,-0.09246
-0.16828,0.78219,0.18257
0.14325,1.06275,0.21131
-0.37349,1.21914,-0.27631
0.39817,0.79622,0.30448
0.15422,1.33418,-0.0156
-0.12452,1.05504,0.10047
-0.02072,0.96363,-0.01744
-0.24651,1.17347,-0.13819
-0.18658,0.71944,0.30528
0.0595,1.29646,0.26281
-0.41291,0.88164,-0.21395
0.13545,0.823,-0.00318
0.16728,0.89451,0.10779
0.02445,1.00621,-0.35694
-0.15765,0.8107,-0.09002
0.12673,0.50021,0.0957
-0.04066,1.02914,-0.06929
0.35516,1.17174,-0.40886
0.10067,0.95801,-0.29673
0.37199,1.07976,-0.18459
-0.1219,1.15223,0.03485
0.23061,0.80692,-0.36346
0.19387,1.34085,0.10001
0.12746,0.83684,0.21271
0.35443,1.0101,-0.11304
0.23566,1.36367,0.18882
0.22014,1.04675,0.19462
0.27539,0.99424,-0.00343
-0.14345,0.77293,-0.07199
0.1377,0.76852,-0.03804
0.25362,0.89053,-0.37551
-0.37442,0.91329,0.11207
0.24962,1.3325,0.06708
-0.21546,0.88737,-0.0306
-0.29483,0.77089,-0.5437
-0.02055,1.14186,0.05844
-0.34297,1.03205,0.11306
-0.15488,1.02267,-0.17484
0.16951,1.29904,0.20181
0.01665,1.20465,0.11541
0.25702,1.23489,-0.2376
0.05521,0.9511,-0.19172
-0.34223,0.96661,-0.04415
-0.22991,0.98318,-0.1981
0.03196,0.8347,-0.20921
-0.08544,0.7621,0.27193
0.1814,1.07867,-0.23118
0.03018,0.96384,0.05217
-0.22191,1.00044,-0.31165
-0.10976,1.23655,-0.00143
0.20376,0.86223,0.11354
-0.18908,1.39272,0.22221
-0.30006,0.91162,-0.22387
0.11303,1.1562,-0.14907
0.03655,0.77313,0.17914
-0.15935,1.05461,0.11805
-0.00924,0.84726,-0.05769
0.03073,0.85248,0.00963
-0.15332,0.74868,-0.09779
0.07295,0.99659,0.1426
-0.1387,1.15211,0.06972
-0.06863,0.96563,-0.01871
0.14857,0.94695,-0.16908
-0.05711,0.9152,0.05552
-0.33398,1.13785,-0.05778
-0.05288,1.21009,-0.37027
-0.33999,0.5612,-0.19109
-0.10537,0.89941,-0.33743
-0.1274,1.17606,0.18665
0.6349,1.30967,0.30279
0.09824,1.1156,0.47086
0.0884,0.97383,0.42732
0.04004,1.12157,-0.15051
-0.10584,1.0435,-0.25059
-0.53543,1.10524,-0.12497
0.36254,1.0924,0.25441
-0.10325,1.3008,-0.19876
-0.17241,1.0706,-0.14169
-0.12599,0.92022,-0.14936
0.21499,1.20471,-0.05546
0.14914,0.83983,0.13198
0.26432,0.94044,-0.30243
0.05589,0.51978,-0.00432
-0.023,1.0388,-0.35091
-0.05005,1.12611,0.20709
-0.31143,0.65553,0.17248
0.05192,1.50781,0.05311
-0.06747,0.81359,-0.04627
-0.07659,0.74159,0.20487
0.21054,0.93417,0.12347
0.24224,1.05986,-0.23421
0.49074,0.91196,0.50384
0.09299,1.09939,-0.12662
-0.01897,0.82189,-0.20471
-0.18167,1.14633,0.08714
-0.00667,1.0254,0.05346
0.34412,1.37781,0.03031
-0.04725,1.07595,-0.28582
0.34174,0.99104,0.01845
-0.04455,1.02721,0.07747
0.04207,1.11006,0.44875
0.49618,0.83838,-0.15629
0.00543,0.7986,0.14799
-0.29054,1.17164,-0.17168
-0.13473,1.01688,0.0604
-0.21138,0.70364,-0.19222
0.01797,0.80697,-0.39952
-0.11446,1.02072,-0.46138
0.07561,1.23546,0.17345
0.32476,1.03851,0.01522
-0.19526,0.99855,0.07704
-0.20167,0.90754,-0.41205
-0.05128,0.85512,-0.02907
0.17656,0.8722,0.0196
0.07521,1.08883,0.33023
0.02089,0.88319,-0.13951
0.31435,1.03725,0.16007
-0.05373,0.93993,-0.00573
0.3697,1.03194,0.18599
-0.30212,1.204,0.0331
0.05621,1.15967,0.03118
0.18086,0.99118,-0.03302
0.22773,0.80156,0.0176
-0.29047,1.11517,0.01717
-0.12527,1.02716,-0.03431
-0.38642,0.79758,-0.02942
-0.04781,1.2008,0.17002
-0.10005,1.17522,-0.0372
0.19749,0.86141,-0.16709
0.08308,1.53636,-0.0189
-0.05922,0.3722,-0.25363
0.27244,1.12919,0.34374
-0.02886,0.90388,0.49937
0.26315,1.03856,-0.00504
0.13332,0.79015,0.00141
0.13227,0.95083,-0.19634
0.18134,0.87725,0.06145
-0.12412,1.09954,0.19592
-0.28232,1.09137,0.15614
0.16205,1.14607,-0.00153
-0.2602,1.0799,0.25171
-0.18072,0.98277,0.35337
-0.04375,0.98072,-0.06231
0.11292,1.37275,0.08539
0.12185,1.17026,0.23092
-0.3672,0.98814,-0.05743
0.04883,1.30013,0.02655
-0.35427,1.0902,-0.22125
0.45012,0.98009,-0.17605
-0.1886,0.79579,-0.47773
0.33738,1.06932,-0.13801
-0.06776,1.10346,-0.10557
0.12414,0.872,0.21326
-0.16054,0.80036,-0.21891
0.02332,0.73414,-0.01701
0.12161,0.82528,-0.0832
0.30559,1.21421,-0.0767
-0.12542,1.09363,0.0277
-0.31285,0.81454,0.3005
-0.24512,0.68364,-0.23118
0.02519,0.4432,0.13532
0.05187,0.81268,-0.13874
-0.05506,1.09558,-0.2259
0.00995,0.76094,0.16947
-0.06214,1.06106,-0.25686
-0.08429,1.34653,-0.19024
0.44924,0.56737,0.2023
0.01733,0.97604,-0.0214
0.2447,0.80489,0.31614
0.52365,1.19156,0.54177
-0.26508,1.00099,0.03976
-0.02755,1.07084,0.15211
-0.00053,1.03524,0.02267
0.24118,1.04614,-0.11257
-0.06569,1.06588,-0.1436
0.06286,0.80552,0.21527
0.03629,1.25634,0.14584
0.07496,1.30583,0.0944
-0.12851,0.96982,0.17779
0.51509,0.96369,-0.22671
-0.22814,0.63181,-0.21952
-0.06195,1.03304,0.031
0.08325,0.54932,0.10814
0.08631,0.95932,0.23016
-0.23383,0.7022,0.29541
-0.03003,0.83882,0.03644
-0.27982,0.96735,-0.22022
0.18347,1.10517,-0.24051
-0.18393,1.28048,-0.19334
-0.22524,0.91475,0.2789
-0.00117,0.95748,0.08087
-0.25123,0.95384,0.29806
0.04256,0.90157,-0.13614
-0.11112,0.93852,-0.01046
-0.12566,1.14268,0.12736
-0.319,1.35132,0.07138
-0.49529,1.31375,-0.23512
0.22206,0.97712,-0.29721
0.3521,1.11712,-0.48907
0.2513,0.88323,0.13004
-0.01631,0.69844,0.11949
0.02945,1.10373,-0.00118
0.07092,1.07353,0.40698
-0.06743,1.31949,0.05526
0.09853,0.9653,-0.09929
0.16597,0.65721,0.23404
0.18952,1.05697,0.20083
0.23309,0.69691,-0.14133
-0.08423,0.77655,0.01371
0.06692,0.90755,0.17749
-0.02124,0.90992,0.19022
-0.25742,0.72455,-0.0266
-0.18161,1.20972,-0.25712
-0.05679,1.06111,0.33223
0.05332,0.81625,0.02732
0.24486,0.83096,-0.09287
0.16431,0.75453,-0.06128
-0.24955,1.07031,-0.08716
0.12026,1.17617,-0.34156
-0.18175,0.90921,-0.03426
0.18007,1.20361,0.19776
-0.19077,0.93616,0.45713
-0.24818,1.05163,-0.10719
0.01631,1.22327,-0.03782
-0.16262,0.84558,0.13145
0.21296,1.02252,-0.03343
-0.2098,1.10631,-0.10735
0.1032,0.91542,-0.06669
0.19715,1.02972,0.04458
-0.07033,1.07986,-0.44834
0.09035,1.23709,-0.12856
-0.11871,1.18382,0.0259
-0.2273,0.92105,0.10014
-0.46699,1.12185,-0.19614
-0.18532,1.31055,-0.11968
0.07903,0.8742,-0.3374
0.01483,1.28385,0.0926
-0.2113,0.72587,0.1266
-0.01551,0.82059,-0.01482
-0.48321,1.02742,0.00559
0.1619,0.65912,-0.50242
-0.17395,1.06406,0.2827
-0.02502,0.57379,-0.06064
0.08223,0.85151,-0.11986
-0.17009,0.80961,0.00393
0.29331,1.1868,0.12053
0.06138,0.7801,0.31474
0.08594,1.25942,0.07771
0.16208,0.83763,-0.22498
0.18423,0.93236,-0.01586
0.10896,0.83418,0.02151
0.47392,1.21533,0.03285
-0.12062,0.73442,0.19689
0.31217,1.14798,-0.01745
-0.27077,1.19533,-0.15636
-0.1016,0.92464,0.27852
-0.09566,0.73982,0.54905
-0.17963,1.14504,-0.06007
0.02165,0.80594,0.18801
0.12998,0.82252,0.21648
-0.16409,0.86276,0.18402
0.07195,0.81317,-0.08124
0.12666,1.33167,0.1329
0.01956,1.12283,0.24541
-0.16024,1.06773,0.59778
-0.22046,0.8848,0.07993
-0.17033,1.21014,0.01431
0.10388,0.79671,-0.18974
0.35646,0.95797,0.00268
-0.12001,1.2206,0.1412
0.29441,0.81325,0.13314
-0.20751,1.00747,-0.18124
-0.11429,0.84618,0.00095
-0.01536,0.92249,-0.21659
-0.08599,0.98923,0.08128
0.03567,0.96229,0.01817
0.16698,1.19314,0.24303
0.20933,1.12518,0.03013
0.1525,1.16358,0.20134
-0.3011,1.16929,0.11808
-0.11814,1.26634,-0.16982
-0.07068,1.04539,-0.29826
0.13866,1.1307,-0.00814
-0.31317,0.93187,0.43906
-0.13558,0.9768,0.15265
0.13304,1.10717,0.10469
0.19105,0.93246,0.12795
0.0582,0.92512,0.25792
0.3369,1.05456,0.33766
-0.48283,1.30718,0.19286
0.04598,0.72162,0.25837
-0.01361,0.90567,0.207
-0.20035,1.07632,0.28082
-0.112,1.06387,0.23144
0.04811,0.71705,-0.31987
0.24279,0.85206,-0.15033
0.05047,0.77565,-0.04783
0.13048,0.99089,-0.0041
-0.18578,1.26271,0.39267
-0.08894,0.99968,0.07797
-0.00787,0.95758,0.21332
0.02862,1.4507,-0.05424
0.10584,0.87875,0.03747
-0.03711,1.02276,-0.0358
0.15334,0.93305,-0.03132
0.05286,0.81854,0.35789
-0.27116,1.12117,0.0617
0.07181,0.89544,0.07304
-0.34165,1.17009,-0.00838
-0.12719,0.91839,-0.1198
0.9595,1.01424,0.16099
0.75712,1.19406,0.43944
0.99609,1.06201,-0.05635
0.84919,0.97209,-0.13972
1.23782,0.93474,0.19112
1.30203,0.97624,-0.05343
0.76592,1.17871,0.13708
0.74121,1.04222,-0.3257
0.903,0.90224,0.10238
0.98806,0.95593,0.4234
1.02562,0.54075,0.04708
1.15959,1.05538,0.25301
0.79678,1.19476,0.02072
1.04929,0.77268,0.1959
0.87222,1.01922,-0.07491
0.87954,0.90293,-0.08352
1.10982,0.84232,0.08418
1.02482,1.01757,0.09768
1.14191,0.85153,0.25123
0.83526,0.98453,0.18955
1.01735,1.26465,-0.14782
0.96432,0.65971,-0.05975
1.20473,0.8653,-0.04039
0.99442,0.91406,0.12954
0.84061,1.24957,-0.28345
1.14376,1.17678,0.19851
1.10506,0.98842,0.00771
1.16308,0.75454,0.02547
1.03411,1.05504,0.15031
0.83247,1.02045,-0.01256
0.70292,1.10036,-0.14053
1.22011,1.00046,-0.14391
1.18705,0.71944,-0.11056
1.00774,0.94251,0.05652
0.52103,1.30034,-0.28455
0.98074,0.66585,-0.25267
1.16381,1.03025,0.17558
0.9017,1.31752,-0.15156
1.06233,0.90935,-0.086
0.7925,1.10099,0.44443
1.10272,0.90389,-0.08118
0.7337,1.08212,-0.0765
0.88964,0.73338,0.10614
1.24713,0.87577,0.16756
0.95557,1.21381,0.15915
1.28419,1.45734,0.53879
1.07307,0.91495,0.41207
1.24637,1.0749,0.24819
0.98669,1.24276,-0.25581
1.13621,0.95516,-0.05699
1.10665,1.02911,-0.41468
0.92372,1.15136,-0.27934
1.31921,0.5234,0.0483
1.1781,1.12545,0.09299
0.83509,0.8261,-0.2114
1.23785,1.02174,-0.08096
0.90409,0.93556,0.3104
0.47639,0.9847,0.00394
0.95563,1.18432,0.24084
0.81467,1.0644,0.10023
0.91844,0.89751,-0.0625
0.87954,1.02285,-0.15578
0.51123,1.17946,0.09649
0.89941,1.10573,-0.12717
1.19257,0.70851,-0.01645
0.66302,0.40898,0.06287
1.29012,1.07584,-0.01376
1.3059,0.92705,-0.19169
0.8106,1.08101,-0.21701
1.45893,1.06275,0.06267
0.78012,0.90666,0.12774
1.02873,1.07462,0.06206
0.92111,1.1154,0.10221
1.2519,1.19282,-0.22133
0.7493,1.02,-0.05515
0.90761,0.82511,0.1503
0.70231,0.96026,0.2821
1.16764,0.75259,-0.18472
1.11448,1.0275,-0.3319
0.97418,0.71332,0.02286
0.8392,1.42301,0.0725
0.80535,0.62441,0.17994
1.01833,0.97559,0.29105
0.72029,1.40484,-0.01114
1.41146,0.78245,-0.26856
0.7796,0.83022,-0.31914
0.98518,0.58863,-0.33155
0.88001,0.69611,-0.00659
0.94814,0.79103,0.08033
0.98399,0.68276,-0.12877
1.10821,1.07525,0.26462
0.83456,1.29451,0.11334
0.80572,0.82908,-0.04722
1.15758,0.77444,0.13741
1.40232,1.23384,0.09038
1.14382,0.70591,-0.06982
1.08889,1.06976,0.09401
1.03777,1.15441,0.25952
1.01544,1.41069,0.16291
0.61424,1.09357,0.1221
1.11448,0.83407,-0.10136
0.89918,1.26931,0.03412
1.05966,0.67602,-0.2106
1.30054,1.10923,0.0703
0.97229,1.01822,-0.0834
1.11621,0.53724,-0.16597
0.85798,0.9864,-0.18179
1.28141,1.07963,0.01184
1.28571,1.00324,-0.04535
1.15449,1.3084,-0.17354
1.15955,0.90979,0.01477
1.05932,0.72255,0.34592
1.07546,0.9434,0.34945
1.10012,1.03467,-0.14711
0.96597,0.52684,-0.13257
0.88973,0.92355,0.01319
0.93928,1.12771,-0.06771
1.10591,0.98126,0.35783
0.92289,1.11849,0.09893
0.61472,1.30743,0.11371
1.14787,0.63504,0.11407
1.04713,1.28402,-0.05839
0.86477,1.14488,0.16666
0.95312,1.27719,-0.27408
1.08096,1.13454,-0.00103
1.32906,1.01826,0.26573
1.21421,1.3806,-0.35958
0.87874,0.95827,-0.20759
1.49309,0.60091,-0.22352
1.25941,1.01034,0.14634
1.09778,0.61202,-0.00441
1.07591,1.2794,-0.0509
0.90102,0.71263,0.14697
1.10841,1.23991,-0.36314
1.13297,0.85562,0.18532
0.97562,0.92884,-0.09753
1.09238,1.29737,0.07512
0.82727,1.09551,0.20099
1.23442,0.72596,-0.13055
0.98203,0.96458,0.34283
0.63442,0.93349,-0.03348
0.90896,0.82196,0.16228
1.05447,1.12814,-0.32478
1.12152,1.52747,-0.17438
0.76885,0.77986,-0.01789
1.01139,0.95839,0.18932
0.97982,1.53523,0.02152
0.90472,1.04188,-0.28235
0.80999,0.93105,0.11311
0.72815,0.99909,0.04767
1.04549,0.66627,0.2065
0.77826,0.97108,-0.02393
0.84159,0.78304,0.43987
1.15517,0.75074,-0.22207
0.897,1.04422,0.12192
1.06204,0.85137,0.323
1.20538,1.1013,-0.09165
1.04153,1.08934,0.12903
1.01557,1.07417,0.07093
0.87971,1.02636,-0.07817
0.8471,1.10408,0.33259
0.82696,0.77772,-0.05489
1.07094,0.74382,-0.1608
0.62757,0.84209,-0.38193
1.08391,1.22717,0.18301
0.76461,0.9918,-0.24837
1.03423,0.96735,0.11562
1.25321,0.95551,0.08575
1.10305,1.02059,-0.48891
0.94557,1.10476,0.02572
1.06295,1.00645,0.01652
0.66866,1.19609,0.15538
0.88947,1.25189,-0.18163
0.94627,1.21505,0.25268
0.46382,1.03529,0.20861
1.35301,1.28279,0.47052
1.06571,1.03219,0.29275
1.2096,1.04351,-0.16784
0.99585,1.02506,0.01462
1.09677,1.14513,-0.10924
1.38159,0.87386,-0.29301
1.00541,0.8401,-0.37116
1.06232,1.32661,-0.00305
1.10897,0.72863,-0.23619
1.07617,1.25773,0.0665
1.12821,0.67723,0.16173
0.95281,1.36215,0.24733
0.93765,0.98848,-0.0511
0.76868,1.48301,0.22142
0.93314,1.06805,0.22684
0.91665,0.87834,0.07517
0.88475,1.17523,-0.10867
1.1014,1.05284,0.19057
1.05884,1.14148,-0.37289
0.78332,1.05038,0.26776
0.91513,1.27721,0.24915
1.05119,1.19112,-0.02294
1.06968,0.92053,0.05071
1.02283,1.04747,-0.34957
0.87876,1.32825,-0.13672
1.33517,1.03903,-0.09129
1.09167,1.24899,0.37325
0.87821,1.22132,-0.29993
1.24878,1.04814,-0.19464
0.91655,1.16558,0.05289
1.33782,0.89054,0.05015
1.006,0.99028,-0.0433
0.78892,1.38711,0.00916
1.08844,1.05072,0.15543
1.2469,1.25058,-0.06333
0.83864,0.91566,0.21629
0.79248,0.5244,0.15594
1.05627,0.8195,0.3488
0.63238,0.95245,-0.05304
0.9344,0.7564,-0.20864
0.88493,1.16883,0.04592
1.13193,0.99833,0.18431
0.63131,0.80678,0.2773
0.69542,1.21663,0.38997
0.94686,0.9349,-0.39023
0.82177,0.76812,-0.0785
1.07499,0.97799,0.26296
0.94595,1.03127,-0.19523
0.88576,1.47663,-0.07186
1.29017,1.05307,-0.24426
0.58592,0.92678,-0.16318
1.47903,0.80196,-0.14387
1.04605,1.03287,-0.16662
0.85462,0.93325,0.11177
0.77911,1.16559,-0.42354
0.78676,1.05385,-0.00183
1.1431,1.29105,0.29069
1.2032,1.04449,-0.27207
0.8602,0.72146,0.09356
1.22366,0.82439,-0.23308
1.0452,0.99563,-0.05833
0.87481,1.12043,0.03252
1.26619,1.48945,0.19479
1.15103,1.13321,0.04719
0.75191,1.11727,-0.1422
1.16833,0.74639,0.1507
1.26741,1.07171,-0.32077
0.95747,0.73727,0.14735
0.88169,0.88388,-0.19586
1.1598,1.17295,-0.23135
1.30982,1.19086,0.02159
0.91002,0.91704,-0.40815
1.08741,0.88828,-0.13941
1.3619,0.94594,-0.16424
0.95144,1.37862,-0.22483
0.92763,0.4606,0.0375
0.86551,0.97354,0.02152
0.78347,1.22116,0.10676
0.72875,0.96741,0.34448
1.11866,0.76381,-0.03162
0.94159,1.13017,0.39768
0.71721,1.17547,-0.36435
1.10255,0.75474,-0.34208
0.8791,0.93736,-0.19977
0.65732,1.13182,-0.05322
0.86669,0.84516,-0.01799
0.78613,0.99169,0.32794
0.98399,0.95191,-0.0909
1.14965,0.9656,0.20808
1.19846,0.96562,0.03404
1.0974,1.25722,0.17435
0.84529,1.21988,0.22618
1.09686,1.09483,-0.36673
0.78407,0.9576,0.12653
1.14195,0.6677,-0.09099
0.9672,0.81314,-0.09292
0.91871,1.22248,-0.21449
1.12255,0.82018,-0.07112
1.07099,0.93769,-0.26772
0.6153,1.21838,-0.16507
0.60274,0.73909,0.00136
1.41298,1.34867,-0.05046
1.03725,0.97773,0.14917
1.27043,0.517,-0.45108
1.28477,0.79328,0.16639
0.98632,0.94372,0.09201
0.73957,1.2772,-0.26069
0.71479,1.21371,-0.0981
0.51823,1.14271,-0.06673
1.31466,1.08105,-0.00826
0.98529,0.98019,-0.21769
1.17453,0.89813,-0.24195
0.95902,0.77953,0.35693
1.25224,1.2025,-0.1875
1.05966,1.02185,-0.16922
1.06185,1.19601,0.00804
0.94544,1.46118,0.202
0.9824,1.0869,-0.19273
1.18518,0.96945,0.05518
0.45991,1.20198,0.23756
0.8289,0.91123,0.03065
0.77919,1.08782,-0.04102
0.92136,1.37969,0.06805
0.79894,0.87778,0.02167
1.13643,0.8124,-0.20281
1.25468,0.78656,0.06199
1.18541,1.24793,-0.17498
1.2171,1.11946,0.38628
1.17016,1.2544,-0.17828
1.17324,1.15022,0.3223
0.80307,1.04462,0.08656
0.64254,1.04806,0.11821
1.4294,1.01648,0.0025
0.87823,0.86347,-0.27903
1.33642,1.02548,-0.00734
0.676,0.93918,-0.04516
0.96884,1.14059,0.47456
0.97396,0.78711,0.07765
1.03359,0.77222,-0.02276
0.80919,1.31303,0.0158
0.93613,0.96665,0.41531
1.16217,1.26125,-0.32208
0.98849,1.20622,-0.01632
0.88635,0.83915,0.03026
0.9072,0.8125,0.05725
1.49925,0.87959,0.2761
0.86369,0.60044,-0.14392
1.1278,1.06447,-0.40777
1.25667,0.89454,-0.10547
0.78616,0.71563,-0.15849
0.92675,0.82927,-0.38217
1.083,1.2428,0.03905
1.24302,1.22918,0.02664
1.22737,1.2377,-0.18934
0.98664,0.86556,0.42934
1.07285,1.3094,0.29281
1.03894,0.82554,-0.12493
1.05299,1.13039,0.26731
0.96217,0.96455,-0.23479
0.62849,1.28401,0.02936
0.94551,1.13906,0.45543
1.05761,0.69079,0.18598
1.07629,1.29205,-0.07762
0.99405,0.93187,-0.4331
1.08176,0.86034,0.14511
0.95086,0.9325,-0.16606
0.65403,0.75692,0.33614
0.96253,0.90191,0.26275
0.97398,0.74967,0.07028
0.5245,1.29177,0.28204
1.18246,0.9848,-0.30719
0.77898,0.53993,0.43472
1.1225,0.75309,0.32355
1.04846,0.93625,0.24595
0.80572,0.44061,0.09338
1.04837,0.57779,-0.16172
1.25516,0.6587,-0.09632
1.03676,1.19723,-0.08071
0.94235,1.05359,0.27186
1.00798,0.95855,-0.38474
0.93673,0.71602,-0.06513
0.68297,0.90436,0.11286
1.03217,0.76023,-0.33981
0.81515,1.0223,-0.10659
0.68462,1.10906,0.31585
0.61117,0.96089,0.03398
0.92426,1.06103,0.22409
1.12687,1.21338,-0.01519
0.69584,1.00664,0.18427
0.85271,0.79288,0.11213
1.08958,1.37782,0.21447
0.74242,1.04857,0.00616
1.30089,0.90326,-0.20165
0.83734,0.97053,-0.27171
0.90632,1.04987,0.15238
1.24139,0.97063,-0.08461
1.10839,0.86002,-0.16346
1.1711,1.13081,0.13771
0.77004,0.9815,0.07834
1.21267,0.87672,-0.23061
0.99847,0.62699,-0.33577
1.09658,0.88878,-0.29558
1.00513,1.07468,0.29899
0.96443,1.12953,0.09155
1.42306,0.74513,-0.05432
0.73154,1.30226,0.10425
1.28583,0.7863,-0.0189
0.93262,0.87798,-0.30072
0.85239,1.03543,0.17461
1.13847,1.08361,0.18927
0.9175,0.99584,-0.26834
1.18252,0.88149,0.28173
0.80837,0.65033,-0.02857
0.78561,0.78857,-0.15177
1.25461,1.05292,0.6496
1.14818,1.07063,-0.03424
0.96646,1.04925,-0.33818
1.10075,0.98596,0.01913
1.0109,0.99743,0.12203
1.01538,1.02048,0.22346
0.90251,1.60515,0.07623
1.05398,1.00111,-0.02257
0.97604,0.79516,-0.11541
1.25535,1.21149,0.1211
0.66325,1.29201,-0.13857
1.13216,1.16771,0.18049
0.88828,0.97591,-0.07576
0.89076,0.68624,-0.41923
0.98997,1.15397,0.16607
1.27805,1.22814,-0.05516
0.71503,0.76077,0.00511
0.81846,0.79042,0.32314
0.95576,0.86322,-0.03484
1.03454,0.81819,0.04725
1.03869,0.99433,0.0299
1.39374,0.61065,0.30712
1.04516,1.02887,-0.06196
0.98616,0.92798,-0.16037
1.03589,1.26449,-0.14796
0.82019,0.78835,-0.41946
1.14739,1.3723,-0.37379
0.85095,0.9654,0.2604
0.81431,1.02126,-0.01068
1.08584,0.83753,0.01524
1.11209,0.63358,0.04611
0.68457,0.68878,0.24096
1.26889,1.02293,-0.05537
0.59527,0.99492,-0.03387
1.20342,1.25699,0.18684
1.01334,0.97655,0.22508
1.2354,1.25718,0.19571
1.11444,1.33989,-0.23174
1.29582,1.05398,0.03981
0.99978,1.1969,-0.08945
1.17099,0.92065,-0.09038
0.77908,0.6868,0.05712
0.97836,0.95936,0.30901
1.28179,0.96404,-0.34366
1.14161,0.76178,-0.16773
0.70205,0.97718,-0.00516
0.87988,1.30302,-0.07656
1.0256,0.91495,0.17019
0.8262,1.36429,-0.03982
0.84589,0.80043,-0.09534
1.33873,0.73355,0.28268
0.78525,0.70542,0.18651
1.04359,1.07082,-0.2031
1.16865,0.94633,-0.35524
1.04139,1.02571,0.04687
0.96444,1.19335,0.4801
1.13327,1.27347,-0.09826
0.90305,0.90415,-0.27693
1.31593,1.33047,-0.21468
0.88322,0.97084,-0.26528
0.76758,0.93336,-0.06931
0.33385,0.72875,0.19371
1.05525,0.79164,0.06211
0.79789,0.98147,0.20505
1.01044,1.04389,0.23451
0.68779,0.80406,0.04794
1.19435,1.22104,0.07178
0.95474,1.25494,-0.19429
1.22268,0.61243,0.13307
1.10291,0.85734,0.01646
1.18754,1.14398,-0.15483
1.11159,1.19334,-0.0683
1.0422,1.0394,0.04168
1.30332,0.97753,0.48417
0.91335,1.0124,0.25623
0.74043,1.08995,-0.18324
1.40451,1.03819,0.13088
0.94385,1.65978,-0.17581
1.19065,0.84948,0.11578
0.93873,0.86432,-0.24993
1.05165,1.1352,-0.28573
1.10531,1.22336,0.03633
0.62317,1.02028,0.18355
1.06619,1.0143,-0.1854
0.81128,0.97217,0.18948
1.38073,1.24885,0.24904
1.13625,0.92148,0.13143
1.24435,0.93869,0.2235
0.94449,1.23266,0.02242
1.01672,1.23764,0.3492
1.06645,0.93627,0.18907
1.07594,0.92858,0.04183
0.80836,1.3057,-0.11742
0.95452,1.26738,0.03604
0.75501,1.233,0.24604
1.29363,0.85763,0.13246
0.95469,0.72738,-0.13638
1.14088,1.19095,-0.16397
0.97076,1.02725,0.10726
1.15386,1.25358,-0.19646
1.07305,0.74128,0.27449
1.20927,1.37016,-0.0091
1.18195,0.93469,0.03856
1.09696,0.97093,-0.43645
0.92015,1.05208,0.26162
0.91099,0.86918,-0.0734
1.11234,1.0381,0.16539
0.8405,0.8717,-0.41012
1.23188,1.04452,0.10834
1.12587,0.8232,0.0726
1.09879,0.84119,-0.31832
0.03457,0.24939,1.28327
-0.25459,-0.19875,1.11145
-0.17358,0.13367,1.19625
0.12526,-0.02531,0.88276
-0.02113,-0.05511,1.18783
-0.05126,-0.17392,0.98706
-0.14375,-0.20719,0.94911
-0.40403,-0.06233,0.82661
0.07792,-0.09324,0.55849
-0.4784,0.10125,0.81691
0.21251,0.16659,0.95101
0.03374,-0.0155,1.21525
0.01955,0.4225,1.06402
-0.09485,-0.12846,1.02575
-0.42673,-0.17701,1.02156
0.09618,0.04058,1.0535
0.06126,0.20095,1.02357
-0.07823,-0.17218,0.81546
0.05549,0.11947,1.26483
0.16177,0.08124,0.93325
0.09503,-0.14603,1.30274
0.13086,0.1924,0.74573
0.09801,-0.12573,0.88363
-0.12462,-0.02945,0.77461
0.38719,0.06359,0.99904
0.11175,0.38731,0.98732
0.07553,-0.28365,1.11559
-0.06629,-0.22717,1.1192
-0.34227,-0.31255,1.01862
-0.04793,-0.1959,1.29442
-0.09449,-0.02322,1.13217
-0.40319,-0.17271,0.77834
0.15862,-0.15155,1.03288
-0.01445,0.28285,1.17368
0.27356,-0.06138,0.92361
-0.02908,0.0313,0.77426
0.302,0.07729,1.26819
-0.23199,-0.32122,0.93233
-0.2191,-0.56522,0.88917
-0.06493,0.1486,0.97578
0.22168,-0.34187,0.93897
-0.30032,0.11946,1.14755
0.35308,0.04407,1.08924
0.11413,0.01161,1.24799
0.1128,-0.02739,0.97571
-0.16318,0.27898,1.02688
0.03434,-0.05404,0.89218
-0.14457,0.0828,1.12627
-0.03849,-0.01858,0.76713
-0.0644,0.11764,0.99774
0.17044,-0.07039,1.0778
-0.07887,-0.13525,1.14271
-0.12423,0.31657,0.87218
-0.00288,0.13363,0.9315
0.12085,-0.27049,0.89929
0.16958,-0.20913,1.13983
0.12975,0.01394,1.15606
0.26082,-0.16183,0.93096
0.16321,-0.05612,0.87737
-0.33592,0.23679,0.94428
0.28459,-0.08687,0.67309
0.19657,-0.05199,0.68703
-0.10285,0.03691,0.7428
0.26693,-0.2806,1.21596
-0.32066,-0.12796,1.1575
0.00627,0.0847,0.82137
0.33498,-0.09118,1.12957
0.12935,-0.09711,0.94814
0.10337,-0.15373,1.08174
-0.38042,-0.20501,1.24142
-0.25375,0.0313,1.04454
-0.17395,0.0366,1.1594
-0.11413,0.07469,1.15626
0.33057,0.17678,1.25166
-0.02818,-0.08987,1.19285
-0.13531,-0.39056,1.20968
-0.02687,0.11199,0.89414
0.25139,0.03015,0.95421
0.07733,-0.05474,1.13999
-0.07323,0.20109,0.96885
-0.43997,-0.27635,1.16239
0.14145,0.04878,0.95336
-0.07056,0.08817,1.1357
0.04975,0.27935,0.66601
-0.02708,0.49103,0.91734
-0.04453,0.26657,1.05106
0.08996,0.00674,1.46094
0.0488,0.11616,0.88601
0.00313,0.35298,1.1133
0.35659,-0.1053,1.26352
-0.19564,-0.05589,0.84729
0.0994,-0.25647,0.68889
0.07315,-0.24437,0.90445
-0.13357,-0.15969,1.10888
-0.32873,-0.28666,0.8143
0.08522,0.03862,0.8587
0.1325,0.29247,1.1419
0.14487,-0.22974,0.99696
0.04756,-0.42817,1.24656
0.07377,0.07623,0.63205
-0.00706,-0.18632,1.015
-0.05923,-0.2716,1.00293
0.1477,-0.03551,1.14534
0.08565,0.17561,1.2614
0.40511,-0.2403,1.16053
-0.05061,-0.08515,0.88444
-0.25041,0.04469,1.07362
-0.09513,0.05934,1.40685
0.05794,-0.14875,0.90675
0.14931,-0.06616,0.86833
0.0209,0.10213,1.09624
0.08142,0.16242,1.48315
0.0603,-0.1443,0.62435
0.17441,-0.17539,0.76382
0.38024,-0.0663,0.92637
0.24021,-0.1664,0.83879
0.09973,0.4275,1.23653
0.0656,0.61174,0.92001
-0.20737,-0.01862,1.34686
0.12561,-0.2701,0.7377
-0.2778,0.17876,0.98705
-0.09937,-0.0904,0.9776
0.41292,-0.17605,1.24872
-0.10022,-0.21092,0.81353
0.10418,0.15393,0.9282
0.10878,-0.26577,1.10571
-0.09138,-0.35058,0.90054
-0.12627,-0.09095,1.19781
0.17771,0.01225,1.07567
0.371,0.15418,1.10349
0.03556,0.30385,1.01663
-0.17144,0.03352,1.16823
-0.00049,-0.27564,1.38757
-0.43731,0.07599,1.03235
-0.14685,0.21125,0.92528
0.23057,-0.15712,1.00186
-0.29154,-0.17647,1.04889
0.01583,-0.00367,0.99882
0.4192,0.30793,1.37629
-0.2194,0.08588,1.03581
-0.12423,0.13977,1.0314
-0.0269,-0.27364,1.39458
0.2253,0.23471,0.9687
-0.09857,-0.18138,1.04375
-0.1929,-0.03509,1.19945
-0.05385,-0.13129,1.01991
-0.11324,-0.08297,0.95916
0.06738,-0.16314,0.91117
-0.02681,0.17404,0.84653
-0.04687,-0.07561,1.20988
-0.23745,-0.21013,0.77082
0.34621,0.56833,1.02713
-0.18652,0.09236,0.93871
-0.36434,0.07773,0.71423
-0.10899,-0.30923,0.97027
-0.2055,0.13589,1.20419
0.26338,0.17097,1.08009
-0.02164,0.00496,0.84618
-0.16098,-0.35846,1.12405
0.05728,0.22413,1.0809
0.07531,0.41384,1.02063
0.20358,-0.01364,1.05995
-0.1177,-0.08762,0.89218
-0.24306,0.0068,0.86041
0.19664,0.34408,0.6284
0.01054,-0.18525,0.84135
-0.064,0.16805,1.03129
0.06387,-0.35802,1.00439
-0.00929,-0.18607,1.08606
-0.09696,-0.35086,0.72954
-0.1036,0.04418,0.9393
-0.04055,-0.19271,1.00461
-0.07073,-0.20957,0.84175
0.02692,-0.17966,1.20989
0.20372,-0.10833,0.74733
-0.18601,-0.03472,1.10845
0.21814,0.3306,0.87514
0.09176,0.2521,1.04017
-0.17417,-0.07679,1.27745
-0.06872,0.14354,1.0487
0.22027,0.02227,1.0057
0.27594,-0.08377,1.35849
0.05719,0.09164,0.93066
-0.03753,0.02459,0.93149
-0.37035,0.13972,0.96272
-0.36636,-0.06442,0.99434
0.1202,-0.08451,1.1284
0.05421,-0.09737,0.85396
0.18412,0.13154,1.14426
0.30872,0.08731,0.88945
0.22696,0.15769,0.59376
-0.08435,-0.12239,1.00576
0.19179,-0.09077,0.90094
-0.10437,-0.24435,1.07325
0.16012,-0.2944,1.28892
0.28785,0.12187,0.80645
0.0111,-0.28758,0.63808
0.16739,-0.08166,0.69325
-0.1882,0.00673,0.45415
0.002,-0.22622,0.60858
-0.17313,0.39983,1.14992
0.03242,0.03107,1.14796
-0.12043,0.04131,0.88876
-0.0701,0.07703,0.88369
-0.09569,-0.03857,0.93424
-0.06251,-0.31569,1.19115
-0.15567,0.04027,1.10528
-0.13191,-0.29036,1.06275
-0.05149,0.10294,0.9118
0.23348,-0.02144,0.9078
0.25328,0.06585,0.71377
-0.00599,-0.1832,0.37589
0.12525,0.01575,1.02168
0.22874,-0.08153,0.66185
-0.14991,0.09265,0.86639
-0.05353,-0.04584,0.98151
0.09221,0.00025,1.08409
0.12791,-0.09543,1.06443
-0.04776,-0.26115,0.89976
0.05319,-0.00133,0.87394
0.01639,-0.002,1.16049
-0.09354,0.00154,1.16669
-0.442,-0.22922,0.81083
0.12719,0.19581,0.81191
0.13787,0.12314,0.98206
0.16863,-0.04807,1.31041
-0.04419,0.12201,1.02115
0.34642,-0.2884,0.86673
0.16904,-0.45832,0.77532
0.24875,0.06114,1.03991
0.01117,0.31739,1.05017
-0.58803,-0.11822,0.591
0.20051,0.01793,1.14287
-0.13711,0.13086,1.05233
-0.19833,0.19244,1.18385
-0.08424,-0.29178,0.97778
0.36049,0.00046,0.88174
-0.44492,-0.20516,1.02436
-0.12308,-0.04949,0.79959
0.24939,-0.14354,1.23583
-0.08952,-0.03637,0.73505
0.24355,-0.06092,1.049
0.24719,-0.24508,1.07867
0.39229,-0.07556,0.92784
0.17375,0.17532,1.06031
-0.34077,-0.04688,0.84406
-0.39956,-0.2315,1.32937
-0.44865,0.00545,1.24409
-0.23864,-0.29805,0.89335
-0.43136,-0.16634,1.2526
-0.07352,-0.04723,1.03572
-0.2556,-0.18277,0.50018
-0.39645,-0.06117,1.14513
-0.24753,0.23422,1.0741
-0.10818,-0.37433,0.77183
-0.04385,-0.38037,0.95399
-0.25982,0.00282,1.26167
0.28994,-0.07715,0.98489
-0.03935,-0.0339,1.14769
0.17825,0.09533,1.13361
0.13821,0.20934,0.79383
0.17747,-0.06575,1.07154
-0.02149,0.19264,1.09876
0.00209,0.33365,1.08926
-0.23938,-0.21687,0.71645
0.14643,0.22042,0.93057
-0.23056,0.34415,0.53894
0.10721,0.16438,1.11858
-0.06088,0.17861,1.0765
-0.338,-0.20242,1.21199
-0.1093,0.03641,1.00373
0.09095,0.07484,0.98041
-0.12991,-0.04348,0.9531
0.14938,-0.16182,0.79427
-0.19803,0.04233,0.938
-0.01533,-0.17538,0.78118
-0.33241,0.25674,1.51105
-0.12997,0.32358,0.98752
-0.17244,0.0359,0.8748
-0.11499,-0.30851,1.00808
-0.0511,0.19271,1.39342
0.06088,-0.17539,1.1714
-0.12331,0.20452,1.62576
0.13894,0.34375,0.77111
-0.18104,0.0664,1.0695
0.09155,0.11827,0.93403
-0.10407,-0.01066,1.046
0.37907,-0.09886,1.10514
-0.01513,-0.1768,1.13458
0.1432,-0.02343,0.89199
0.16796,0.27786,0.87137
-0.09995,0.14024,0.9356
0.1149,-0.04097,1.03116
-0.17571,-0.20644,0.95646
0.22704,-0.06553,1.60269
0.17321,-0.17476,1.17432
-0.00966,0.1388,0.78783
-0.06386,-0.26775,0.59379
-0.29382,0.03373,1.33826
0.06154,0.22898,0.89931
0.16038,0.11354,1.32671
-0.20939,-0.05289,0.89965
0.13204,0.20676,0.88091
0.14768,0.42629,1.01521
0.36352,-0.00162,1.0084
-0.16556,-0.17088,0.7065
0.07715,-0.0711,1.03818
-0.43152,0.22894,1.09267
0.02393,0.32917,1.10635
0.13976,-0.05102,1.02486
0.25565,-0.0776,0.78489
-0.22464,-0.07205,1.19376
0.10868,-0.27111,0.89521
-0.00767,0.05254,0.74445
0.08009,0.15871,0.8306
0.21738,-0.01573,0.83226
0.01149,0.22657,1.14735
0.33716,0.0856,1.45922
-0.16127,0.06966,1.09824
0.26684,0.13077,0.99681
0.2257,0.07485,1.08726
-0.32483,-0.14393,0.83127
-0.06679,0.30803,0.89994
-0.2423,-0.14968,1.06998
0.204,-0.27653,0.87669
0.35116,-0.10618,0.89804
-0.60747,0.03979,0.79522
0.437,-0.20845,1.15126
0.02835,0.21188,1.18023
0.02747,0.0434,1.20593
-0.27906,-0.21074,1.13183
0.02586,0.38738,1.22546
-0.12032,0.00364,1.45433
0.20121,-0.23435,0.97195
-0.27203,0.0305,0.94637
-0.20979,0.37688,0.87362
0.0997,-0.16638,1.42469
-0.01803,-0.29541,1.07003
-0.06028,-0.1062,0.74996
-0.21142,0.08585,1.0474
0.08698,-0.05981,0.93652
-0.113,0.07757,1.03749
-0.04611,-0.13992,0.86926
0.0532,0.08626,0.97512
0.3398,0.09135,1.19803
-0.00174,-0.02477,0.71952
-0.22188,0.05233,0.72725
-0.08163,0.05311,0.96478
-0.20356,0.08365,0.75965
0.10566,0.2738,0.99375
-0.15786,0.22254,1.45003
-0.07882,0.41489,0.91664
0.0055,0.42425,0.89878
-0.12804,-0.04228,0.47558
-0.02433,0.0221,1.08048
-0.149,-0.20266,0.68242
0.04324,-0.35042,0.98726
0.34811,0.20726,1.05858
-0.06793,0.07555,0.6123
0.11562,0.66751,1.36568
-0.24818,0.01205,0.79109
-0.0337,-0.04258,1.17457
-0.0883,0.16041,0.84886
0.10876,-0.31216,0.71496
0.0173,-0.16494,0.81438
0.00582,0.21641,0.9975
0.3522,0.04935,0.95104
-0.05064,0.06498,1.03626
0.02838,0.02252,1.18758
0.01136,-0.24481,0.7695
-0.06711,-0.35526,0.67766
0.17879,-0.33312,0.90326
0.15721,0.14991,0.68235
0.39342,-0.0087,0.94303
0.02248,-0.01053,1.07056
0.05986,0.18484,0.84827
0.07422,0.23829,0.85451
0.36976,-0.27306,0.56646
-0.10007,0.09658,0.99885
0.01213,0.32348,0.90429
-0.01242,0.33824,1.13102
-0.17879,0.00089,1.03431
0.02561,0.18569,1.30358
-0.233,0.1463,0.57382
-0.18157,0.35258,1.16786
0.01722,0.35206,0.9103
0.29384,-0.19232,0.76915
0.13076,-0.15757,0.88132
0.34478,0.41541,0.95895
-0.17143,0.08919,0.84769
0.2494,-0.08357,1.07861
0.33359,0.11503,0.63761
-0.1984,-0.07053,1.00378
-0.39497,0.13895,1.06194
-0.05401,-0.13559,1.42775
0.12203,0.11785,1.17302
0.06886,0.28516,0.68112
0.14074,0.09819,0.73936
-0.27642,0.0432,0.95374
-0.12918,-0.37739,1.07456
0.25093,-0.04449,1.17258
0.01871,0.00666,1.16828
-0.01356,0.1042,0.95826
0.05691,-0.0607,1.37343
0.207,-0.01433,0.82388
-0.42728,0.06477,1.00737
-0.31934,-0.13576,0.97138
0.15326,0.03459,0.79899
0.36086,0.01253,0.94675
-0.02244,-0.2795,1.2085
-0.1027,-0.10204,1.18041
-0.00675,-0.0447,0.74127
-0.14512,-0.04515,1.05058
-0.16761,-0.24963,1.08987
-0.24884,0.15618,1.25495
0.092,0.23555,0.85433
0.02426,-0.03315,1.07495
-0.20221,-0.23718,1.00441
-0.035,0.11119,0.70987
0.09403,0.10822,0.94719
-0.16433,-0.20615,0.98829
-0.22358,-0.03648,1.06557
0.02694,0.06659,1.42455
0.10172,-0.25425,1.26462
-0.18772,-0.01443,1.17426
-0.37781,-0.33675,0.90232
0.09643,-0.02623,0.96248
-0.10563,-0.06062,0.98824
0.33971,0.01258,1.08032
0.0221,0.1462,0.78364
0.21209,-0.06764,1.09227
0.08041,0.36706,0.79183
-0.01638,-0.14604,1.45825
0.22845,0.16317,0.95807
0.13,0.03366,0.91062
-0.00983,0.10193,1.01111
0.23527,0.33532,0.78771
0.29553,-0.21083,0.99578
0.06067,0.20572,0.82876
0.18933,-0.26282,0.81819
-0.1737,0.0823,0.98024
0.15909,-0.3028,1.05358
0.04953,-0.17027,0.98725
0.27096,-0.12934,0.75673
0.02026,-0.41687,0.84633
0.00213,-0.07399,0.88613
-0.25901,-0.27069,1.17106
0.16142,-0.80866,0.9371
0.10474,-0.03316,1.04762
0.01698,0.13374,0.89314
0.04553,-0.23847,1.21804
-0.03696,-0.12477,0.78778
0.00056,0.03444,1.19997
0.17803,-0.0564,1.06081
0.18776,-0.0842,0.93824
-0.16809,0.24703,1.04639
-0.22984,0.27544,1.09369
0.10837,-0.03765,1.00597
-0.23188,0.11859,0.7815
-0.00984,-0.05467,0.81476
0.07102,0.02876,0.88264
0.0988,-0.12752,0.75484
0.06726,-0.18464,1.00968
0.01582,0.30507,0.76064
0.10336,0.24823,0.82106
0.23102,0.10816,0.75217
0.02286,-0.44849,1.07765
0.08796,-0.11296,0.88701
0.04497,-0.25094,0.99352
0.25992,0.12884,0.99307
0.2817,0.1156,0.98811
-0.13975,-0.12606,0.83449
0.39633,0.20861,1.24018
0.20305,0.17386,0.80715
-0.04097,-0.18375,0.91367
-0.21866,-0.01039,0.81328
0.05322,-0.01208,0.76317
0.39411,-0.10241,0.90474
0.05998,-0.14272,1.00794
-0.12131,0.07928,0.53572
0.08345,0.26033,0.92151
-0.11388,0.06985,1.29053
-0.09168,0.17855,0.95743
-0.05857,-0.18768,0.74049
0.2667,-0.18954,1.05245
-0.16538,0.08242,0.61246
-0.14118,-0.17895,0.88924
0.41173,0.03272,0.87089
0.04704,-0.21136,0.63
0.04477,-0.07743,1.0322
-0.12017,-0.22084,1.09042
-0.0966,-0.03616,1.20345
-0.20575,-0.11763,1.312
0.1709,0.21432,0.89458
0.22798,0.08121,1.15635
0.03232,0.00075,0.88894
0.23027,-0.16398,1.06179
0.06998,0.09666,0.8313
-0.05284,0.07533,0.9848
-0.25024,-0.12057,1.24771
1.05871,-0.01149,1.01545
0.91915,-0.04981,0.78392
0.56394,-0.30483,1.22657
1.03953,0.09272,1.20941
1.3845,-0.23752,1.18099
0.81438,0.09881,1.19252
0.9342,-0.15871,1.1489
1.19041,-0.11005,1.20719
1.32883,-0.07566,1.04728
0.84719,-0.29264,1.3415
0.89395,0.2093,1.08162
0.64688,-0.10097,1.24157
1.04304,0.17874,0.87793
1.26636,-0.03653,0.6954
0.99679,-0.03453,1.09431
1.18266,-0.22793,0.85498
1.02458,0.11038,0.4972
1.06666,0.01119,1.07718
1.20691,-0.09261,1.15311
1.12555,0.15746,1.21246
0.63067,0.07543,0.81318
1.24751,0.01257,0.94186
1.01237,0.00375,1.35267
1.46253,0.22689,1.11563
1.51375,-0.02167,0.9338
0.82329,0.40484,1.29591
1.38226,0.09267,1.05695
1.05338,-0.04374,0.84523
0.92963,0.22272,0.82175
1.02452,-0.29073,1.03627
1.10564,0.24797,1.17391
0.98049,-0.39878,1.12675
0.82007,0.19191,1.1294
1.06131,0.25872,0.80848
0.78726,-0.33496,1.10739
0.98238,-0.06858,1.1605
1.24185,-0.20563,0.67494
0.76474,0.00468,1.38742
0.98708,-0.14549,1.12989
1.15425,-0.10072,1.08367
1.02285,-0.18371,0.94373
0.92873,0.20101,0.90646
0.83444,0.16277,0.7969
0.98552,0.10288,0.92928
1.29473,0.0404,1.05223
0.92239,0.07229,0.86375
0.92769,-0.06233,0.90361
1.06156,0.46296,0.72844
1.04067,0.02057,0.83201
1.34726,0.12564,1.18046
1.37295,0.14364,0.6352
0.76779,0.1622,1.00007
1.12602,0.26347,0.89547
1.10118,-0.05263,1.00507
1.01008,-0.37453,1.19986
1.05117,0.4466,0.9352
1.19958,-0.06724,0.94916
1.17123,-0.05166,0.92225
0.79062,0.30597,0.88548
1.23342,0.09547,1.11887
1.30276,-0.24245,0.99121
1.1009,0.05357,0.93088
0.46924,-0.3051,0.96642
1.28614,-0.04547,1.00013
0.70463,-0.43448,1.26956
1.31695,0.09276,0.72086
0.98156,-0.31959,1.02692
0.83528,-0.24186,0.84471
0.67039,-0.37556,1.01926
1.18886,0.13185,1.04266
0.92861,-0.23787,1.18607
0.9676,-0.31402,0.94245
1.02496,-0.50523,0.84548
0.94231,0.26147,1.21627
0.76362,-0.08524,0.71632
0.52141,-0.22625,1.4488
1.17026,-0.14569,0.70811
1.18836,-0.34936,1.19009
0.94283,0.29138,1.32529
0.87252,-0.09756,0.631
1.20312,-0.11546,0.66966
0.84755,0.15135,1.26985
1.11496,0.19618,0.86505
0.72819,0.14669,1.06153
1.18039,-0.17183,1.86562
1.05956,-0.31342,0.96961
0.99944,-0.15528,1.0279
0.95367,-0.03552,0.70405
1.23511,-0.07137,1.10103
1.23552,0.18381,0.67311
1.25998,0.13026,1.15541
1.47808,-0.08903,0.6633
0.86997,0.0845,0.75894
0.80932,-0.00322,0.82846
1.41459,0.00387,1.14968
1.03721,0.05085,1.28413
1.25499,0.33621,1.21747
1.04662,-0.03723,0.69711
0.72882,-0.13097,0.93177
1.21739,-0.28923,0.8744
1.11956,-0.00564,0.71796
0.76122,0.37619,0.99755
0.90951,0.07663,1.15888
0.93487,-0.05538,1.07235
1.00572,0.23379,1.31171
0.88999,-0.31221,0.99627
0.89175,-0.27672,0.91875
1.04273,0.31366,1.03557
1.01792,-0.02366,0.90952
0.55468,0.20283,1.03808
0.83281,-0.00238,0.95267
0.9318,0.19824,1.0251
1.10157,0.51385,0.83879
1.10625,0.24854,1.04604
0.9182,-0.22068,1.26464
0.83797,-0.08808,0.59619
0.91359,-0.16147,0.83247
0.97956,-0.15693,1.00423
0.94913,0.18819,0.80419
0.96919,0.06331,1.18548
0.96912,0.30822,0.96611
0.53959,0.20153,1.09329
1.29319,-0.10696,1.0147
0.74226,0.09318,0.62431
0.75789,0.30173,0.68992
0.94633,0.02909,1.05696
1.13668,-0.07524,0.97237
0.93607,-0.21314,1.18266
1.12904,0.19275,1.18644
0.91766,0.2465,0.64541
0.96164,-0.03143,0.97153
0.82742,0.08672,1.11111
0.90067,0.12921,1.14331
0.63445,-0.19956,1.15077
0.9367,0.31807,1.10705
0.61589,-0.28855,1.39244
1.03253,0.08633,0.71373
1.56117,0.11315,0.729
0.61962,0.08745,0.79299
0.72535,0.02177,1.19874
0.94126,0.01898,1.37056
0.82178,-0.14956,1.00536
1.04722,-0.06902,0.80955
1.34993,-0.03683,0.77843
1.26023,-0.47273,1.17454
0.86376,0.06075,1.06329
1.23891,0.05144,1.06331
1.17018,-0.12406,0.56472
1.11111,0.24871,0.58034
0.82331,-0.28112,1.05424
1.16487,-0.02172,1.40736
1.13758,0.26445,0.9932
1.26715,0.21879,1.12415
0.83823,0.53177,1.04371
0.98011,0.18642,0.70577
0.84047,9e-05,1.24661
0.65647,-0.1959,1.25634
0.93758,0.32005,1.34283
1.09618,-0.21178,0.71645
1.07964,-0.00952,0.83351
0.69343,0.04808,1.46617
1.25825,0.00056,0.63116
1.18432,0.02929,0.91312
0.85518,0.08657,1.1415
1.11479,0.02695,1.05809
0.64802,-0.10354,1.05876
0.81727,-0.31463,0.83417
1.16866,-0.00774,1.16737
0.91441,0.08269,0.70956
0.84281,0.03032,0.89058
1.03625,0.24904,0.95511
0.80353,0.28095,0.82147
0.66011,-0.16189,1.17669
1.0323,0.18296,0.99376
0.95899,-0.12698,1.14958
0.96046,0.26607,1.0281
1.15231,0.17751,0.91904
0.92767,-0.08995,1.16028
0.94318,-0.37984,1.4045
0.71249,0.31705,1.15019
0.62472,-0.02303,1.17869
0.90677,-0.1187,0.9952
0.73465,-0.12132,1.24777
1.01533,0.33128,1.02886
0.93099,0.5678,1.07302
1.24099,0.10773,1.05032
0.9002,-0.09172,0.90008
0.92197,0.23592,1.12982
0.88289,0.12181,0.70136
0.94629,0.14522,0.9464
0.93901,0.10532,0.75631
1.13346,0.00363,0.71837
0.73229,0.40471,1.0657
1.05217,-0.02421,0.71591
0.95402,0.25765,0.98516
1.37499,0.01922,0.94212
0.68256,0.38122,0.69768
0.74448,-0.25509,0.65277
0.96705,0.05867,1.09436
1.1645,0.22306,1.0813
1.09757,0.04308,0.92381
0.87114,0.03848,0.87264
1.00504,-0.00377,0.70694
0.60394,0.21563,0.81117
1.06071,0.35164,0.69616
1.25463,-0.14338,1.27747
1.00481,0.11228,0.62172
0.91439,0.42513,0.70527
0.75981,-0.17641,1.1092
0.87341,0.12962,0.66734
1.27104,0.0679,1.21761
0.93122,0.21422,1.04051
0.87482,-0.13961,1.29132
1.27349,0.07177,0.98454
0.64006,-0.23483,1.06013
0.9371,-0.05934,1.10856
1.01478,-0.01662,1.0482
0.86014,-0.3067,1.04676
0.86015,0.28279,1.06745
1.06259,-0.04365,0.8974
1.12303,-0.03162,0.94431
1.03196,-0.10072,1.33628
0.99091,0.00522,1.07221
0.83033,-0.03208,1.13308
1.12091,-0.15227,0.92222
0.8132,-0.29257,1.19864
0.97543,0.16731,1.13534
1.09983,0.21775,0.95986
0.79068,0.08392,1.05769
1.04883,0.18548,0.86759
0.95203,-0.31702,1.18251
1.1785,-0.14185,0.90343
1.30446,0.03241,1.12728
0.7304,-0.05394,1.30992
1.14408,-0.14171,1.39221
1.00696,-0.21404,0.82712
1.01274,-0.04303,0.87024
1.21966,-0.00056,1.10083
1.10539,-0.24884,0.87602
0.98851,0.13855,0.8664
0.94122,-0.10628,1.40254
0.93822,0.27218,1.38972
0.98313,-0.20095,1.14186
0.84765,-0.00775,1.27728
1.24116,0.31147,0.87046
1.10748,-0.03595,1.00637
1.13383,0.12072,1.18475
1.0344,-0.21115,1.25163
1.04154,0.1473,0.82015
1.02582,0.07915,0.72941
1.24406,0.09986,1.48887
0.92231,0.00862,1.47207
0.78289,-0.22827,1.29796
1.12249,-0.3551,1.18628
1.16313,0.17246,0.71902
0.73408,0.27652,1.26382
1.17188,0.16171,0.93612
0.91753,0.00368,1.02692
0.96228,-0.22862,0.47212
1.1211,-0.06225,1.2474
0.99342,0.05606,1.04549
1.30745,0.45798,0.78383
1.2068,-0.06757,0.98568
0.71156,0.15966,0.73287
1.05605,0.04183,0.88524
1.03967,-0.23429,1.14493
0.88318,0.10372,1.07309
1.41483,-0.15668,1.14082
0.50791,0.16818,0.92369
0.81996,0.15993,1.3902
1.17296,0.02988,0.77836
0.76702,0.00011,1.19164
0.74266,0.05687,1.10811
0.81159,0.21838,0.89321
0.91774,0.42571,1.14188
0.84974,-0.17921,1.47961
1.07901,-0.15921,0.89977
0.6695,0.38303,0.75642
1.40292,0.01442,0.79232
1.0791,-0.09287,1.0206
1.00853,0.1326,0.83261
0.74995,0.42785,0.77965
1.14744,-0.07352,0.85493
1.00662,0.09707,1.1959
0.91533,0.13461,1.06471
0.97524,-0.0264,0.45981
0.87237,0.26982,0.97571
0.73969,0.03191,0.92381
1.08074,-0.20918,0.91085
1.34612,0.15258,0.8331
1.09746,0.17862,1.27632
0.85329,0.08963,0.80434
0.57687,0.11794,1.01652
1.18049,0.21505,1.21518
0.75427,0.05259,1.09524
1.05027,-0.0317,0.99861
1.08422,-0.39235,0.77676
1.07875,0.12058,0.65194
1.11481,-0.12611,0.85103
1.13771,0.0413,1.16654
0.7768,-0.11274,0.89909
0.7376,-0.28049,0.95892
0.61115,-0.46981,0.99936
0.9675,0.01585,1.24351
1.20544,0.24495,0.86155
1.20911,-0.00342,0.87164
0.85431,0.19461,1.18738
0.94138,0.36917,0.95758
0.6716,-0.15902,1.13488
0.65252,-0.03267,1.04894
0.79754,-0.11542,1.38997
1.13449,-0.00112,1.14069
0.92162,-0.16317,0.89045
1.24098,-0.19734,0.95795
1.07085,-0.06886,1.18755
1.41894,0.22204,1.04194
0.75871,-0.14407,0.66206
0.68795,-0.10268,1.02815
1.13468,-0.0839,1.19202
0.91465,-0.26056,0.79469
0.76606,-0.14845,1.15852
0.68658,-0.17624,0.79499
0.83666,-0.25751,1.05752
0.98829,0.02733,1.10469
1.1696,-0.05901,0.63766
1.10427,-0.09202,0.96816
0.9838,0.29425,0.99664
1.01354,-0.09492,0.7668
0.92251,-0.10213,0.97091
0.99655,-0.34226,1.00433
1.17732,0.18179,0.7951
0.81665,0.05387,1.10487
0.74985,0.01748,0.84848
0.8399,0.11794,0.76635
0.94777,0.10276,1.21042
0.9823,-0.15872,0.96229
1.1021,0.30214,1.2908
0.77777,-0.10073,0.72914
0.94368,-0.14506,1.01853
0.83599,-0.14851,0.95314
0.79093,-0.35501,0.67701
1.38925,0.12171,1.14581
0.88202,-0.10872,1.08927
1.13473,0.10731,1.06085
0.68516,-0.33562,0.93946
1.17221,-0.0972,1.24484
0.64968,0.04548,0.94508
1.40386,-0.17202,0.83885
0.93179,0.19855,1.05396
1.01131,-0.4517,0.86531
1.25378,-0.05775,0.47304
1.21134,0.0448,1.05507
0.79141,-0.23234,0.95549
0.84676,-0.14775,1.13063
1.17001,-0.20807,1.10778
0.87281,0.0328,1.04914
0.89451,0.13717,0.92743
0.92487,-0.18017,0.84614
0.49777,0.25383,1.13392
1.16235,-0.2126,1.35757
1.0549,0.1331,0.82199
1.04226,-0.04428,1.24675
1.23679,0.08461,1.37308
0.68067,-0.1606,1.31329
1.24089,0.1427,0.91663
1.11865,0.11505,1.02379
1.39822,0.1092,0.68795
1.11982,0.07605,0.94811
0.78908,-0.22432,0.89521
0.63548,0.0431,1.17732
0.854,0.03463,0.84717
0.9972,-0.00848,0.8697
0.77806,0.12947,1.01785
0.75328,0.16308,0.82269
1.18637,0.38791,0.65825
1.05584,0.16145,1.08738
1.01247,-0.09002,0.65632
0.88951,-0.01372,0.93379
1.12153,0.01367,1.22754
1.52316,0.17566,1.07797
0.38378,0.21364,1.11636
0.92772,0.06126,0.79961
1.13316,0.02483,0.74609
0.98974,-0.05644,1.16491
1.07455,-0.32488,0.7562
0.73543,-0.0231,1.26567
0.94101,-0.00016,1.07195
0.68466,0.01162,1.00965
0.96666,-0.02201,1.06212
0.95643,-0.04284,0.74908
1.04025,-0.16799,1.09622
1.19267,-0.14064,1.20542
0.83419,-0.35389,0.81011
1.30868,0.35,0.96489
1.35865,0.08695,0.82982
0.80306,-0.14287,1.0192
0.82507,-0.0952,0.91254
0.93192,0.10295,1.19602
0.92484,0.09378,0.76381
1.27625,-0.24742,0.97979
1.32721,0.08977,1.00821
1.17336,-0.05152,0.63733
0.74685,-0.14332,0.9492
0.97721,-0.04498,0.81598
0.89913,0.05199,0.86691
1.49092,0.25884,1.14242
1.02437,-0.30935,1.16037
1.24266,-0.18263,0.74449
0.80421,-0.35546,0.98065
1.30722,-0.10282,0.68348
1.2024,0.16667,1.16801
1.02285,0.19762,0.88841
1.09081,0.25402,1.19745
0.79137,0.12141,0.74729
0.88382,0.14139,1.25577
0.97198,-0.23909,0.87814
1.17685,-0.10972,0.83992
1.1365,0.25624,0.91092
1.06418,-0.13193,0.78283
0.76576,0.09346,0.5609
0.89038,-0.10657,1.00242
0.78775,-0.07447,1.36297
0.92001,-0.18392,1.01893
0.73173,-0.05315,1.05305
0.77492,0.02786,1.34068
0.94314,0.0475,0.94928
0.54349,0.05275,0.82386
0.94162,-0.00583,1.06789
0.89312,-0.02204,0.98896
0.98281,0.23481,0.93765
0.5744,0.0072,1.047
1.08417,0.0328,0.94253
1.2761,0.28689,0.84289
0.65832,-0.13079,0.65773
0.70856,-0.17767,0.80658
1.32068,0.22734,0.85847
1.03698,0.50579,1.05536
0.91646,0.02458,0.95158
1.23743,0.23555,0.84961
0.72442,-0.15444,0.73467
1.23398,-0.09545,1.00721
0.70669,0.21679,1.22723
1.34732,-0.22209,0.8452
0.91285,-0.19686,1.23698
1.0816,0.37657,0.87142
1.38042,-0.31931,1.50197
0.94546,0.17346,0.91882
1.02002,0.25061,1.19165
0.5411,0.2713,1.09494
0.95393,0.02284,0.96938
1.13514,0.05705,0.78401
1.12001,0.08376,1.05379
0.86639,0.08299,1.20374
0.77381,0.00339,0.9748
0.9925,-0.1059,0.95438
1.39952,0.0543,1.37588
1.08343,0.18386,0.83588
0.84115,0.06019,0.94096
1.26914,0.01434,0.88204
1.19781,0.00036,1.3669
0.96748,-0.27203,1.197
0.88157,0.17979,1.06938
0.83231,0.06308,0.93233
1.11492,0.09396,1.24232
1.23722,0.06124,1.15259
0.94304,0.02179,1.07675
0.61906,0.13178,0.97515
1.07336,0.17915,1.0445
1.06541,-0.47645,0.64185
0.6367,0.12192,0.49019
1.39794,0.2307,1.12219
0.79251,-0.08503,1.28635
0.63916,0.17052,0.87694
0.65783,0.31154,1.30768
0.81594,0.28603,1.14045
0.79473,-0.29321,1.28981
1.15134,-0.56535,1.28773
1.09594,0.02611,0.94196
0.85677,0.10314,1.10442
0.8292,0.09264,1.0324
0.64143,0.17165,0.82414
1.03663,-0.28172,1.05982
0.78837,-0.10123,0.91719
1.15489,0.15595,1.17561
0.86106,-0.16459,1.08691
1.16552,0.21568,1.01983
0.75919,0.07645,1.27928
0.7928,0.42993,1.09806
0.95005,0.04984,1.32352
1.12201,0.00686,0.53512
1.103,0.11688,1.15414
0.89207,-0.29814,0.699
0.80503,0.20075,1.10588
1.13695,0.14222,0.81738
0.9808,0.39174,0.97809
1.12036,0.35304,1.05106
1.39449,0.03141,1.27828
1.02803,0.08542,1.00193
1.27709,-0.12036,1.25776
0.76765,0.2936,1.143
-0.18443,1.1686,1.23262
-0.09916,0.96926,0.96195
-0.62209,0.80693,0.94211
-0.13855,0.58849,0.92023
0.05978,1.31501,1.14185
-0.01373,1.25683,0.67547
-0.17368,0.64776,1.15436
-0.13363,1.21805,0.74241
0.03388,0.88636,1.17832
0.0145,1.10343,0.96443
-0.43967,0.89607,1.34088
-0.18418,1.32208,0.7427
-0.01436,1.26792,0.90089
0.17461,1.22743,1.04306
-0.41018,0.91019,1.05801
-0.01458,0.93044,0.71514
-0.25902,1.0326,0.98268
0.15878,0.89711,0.69037
-0.08956,0.76852,1.10862
-0.07882,0.96164,0.89768
-0.16743,0.78664,1.07282
-0.31078,1.06561,1.22185
-0.2566,0.90729,1.03573
-0.09036,0.93533,1.16198
0.10685,0.66713,0.98107
0.07084,1.34159,1.00715
0.35257,0.97428,1.11209
0.0532,0.94397,1.00628
-0.09898,1.23495,0.93527
0.10889,0.79886,0.79738
-0.06726,0.85459,1.20003
0.26834,1.14389,1.39481
0.01458,1.16427,1.19174
0.47089,0.65727,1.20852
-0.45399,1.02192,0.87625
-0.25453,1.03543,1.02231
0.1493,1.03472,1.02093
0.12399,1.21328,1.1197
-0.00192,0.72027,0.93694
-0.42345,0.92079,0.84002
-0.17123,0.72161,0.97212
0.21188,0.95898,1.56297
0.20062,0.76527,0.93056
-0.10807,0.9508,1.19732
-0.08406,1.05558,0.66338
-0.31337,1.12464,1.59363
-0.02132,0.96482,0.7067
0.08067,1.00326,1.0281
0.11968,0.98944,1.00888
0.40018,0.91934,0.96391
0.28287,1.00221,0.67134
0.17005,0.69007,0.80258
-0.24726,0.72036,1.22196
0.00876,0.93743,1.03185
0.15479,0.64997,0.99057
-0.172,1.11521,1.06354
-0.20413,0.72397,1.03522
-0.30873,0.97956,1.03324
-0.00462,0.97906,1.15624
-0.20056,1.36626,1.12337
-0.17742,0.80636,1.26042
-0.10281,0.74687,0.98342
-0.00872,1.32528,1.06987
0.06288,0.64234,0.5676
-0.17067,0.91526,1.2677
-0.03442,1.20341,1.17894
0.20012,0.99886,0.95942
0.11875,1.02774,1.37872
0.50597,1.25467,0.95176
-0.1656,1.11044,1.07041
0.02135,0.73941,0.70494
-0.01273,1.03506,1.04253
0.38939,0.8402,0.84508
-0.10674,1.13871,0.87421
-0.14522,1.02721,1.38026
0.18107,1.00036,1.23529
0.2398,0.62026,0.86192
0.19433,1.11109,1.1914
-0.19393,1.06184,1.20318
-0.06845,0.69303,1.11976
0.48706,0.85251,1.00242
-0.37239,0.88832,1.05413
0.36494,1.12229,1.17219
0.16267,0.68629,0.924
-0.12383,0.74443,1.31152
-0.05746,1.08408,0.97631
-0.19872,1.0049,1.22717
-0.0735,0.93137,1.05385
0.07894,1.05414,0.86839
0.13052,0.94967,0.98734
-0.39442,0.63653,1.10899
-0.07153,0.76058,0.88548
-0.06495,1.09724,0.88052
-0.1436,0.76775,1.11842
0.16184,1.28927,1.11819
0.22151,1.29655,1.21851
0.12148,0.70582,1.10922
-0.17833,1.20999,1.18471
0.01159,1.02689,0.89871
0.11444,1.05065,1.33282
0.08351,1.01605,1.13178
-0.25164,1.07202,0.9476
-0.05483,0.92016,0.90875
-0.14049,0.88618,0.7256
0.00875,1.34907,1.15616
-0.00588,0.82524,0.68869
-0.18286,0.85975,1.27455
0.46451,0.77656,0.94472
0.28263,1.05609,1.07788
0.25585,0.87438,0.81063
-0.29641,1.01836,1.16624
0.19996,1.06223,1.28489
-0.09107,1.49392,0.9536
0.01635,0.74235,1.27617
-0.51371,1.2419,1.10602
-0.06083,1.02544,1.09585
0.10304,0.75618,1.12155
-0.41426,1.38948,0.85802
-0.00591,1.27757,0.92695
-0.09738,1.10046,0.70506
0.36994,1.37068,0.68789
-0.02651,1.06781,1.03719
-0.07705,0.94178,0.73543
0.06121,1.19569,0.96819
-0.1932,1.25418,0.66852
0.07798,0.63435,1.23215
0.05973,1.07697,1.09857
-0.39795,1.21444,0.82343
-0.05481,1.10855,1.07624
-0.1134,0.94106,1.17232
-0.09212,0.88917,0.67132
-0.13162,0.93235,0.96363
0.26481,1.03693,0.97708
-0.12253,0.93634,1.08188
0.12305,1.02003,0.8545
0.22582,1.11896,1.13507
-0.13219,1.14931,0.94646
-0.03738,0.97007,0.88424
-0.41775,0.81042,0.72766
0.06251,0.98332,0.50845
-0.19936,1.01928,0.90658
0.17442,0.58497,1.357
0.06086,0.61975,1.13387
0.11156,0.94239,0.82927
0.17371,0.842,1.05515
-0.02043,0.90539,0.62703
0.03795,0.86427,1.15292
0.11495,0.56964,0.90135
-0.0563,0.9446,0.75982
-0.1114,0.91414,0.7214
0.16802,0.93285,1.3181
0.00556,0.84848,0.92623
0.14941,1.27871,0.99516
0.07562,0.91737,0.75441
-0.09045,0.86076,0.9442
-0.02293,1.02009,1.25792
0.06985,1.03096,0.77364
-0.0187,1.08177,0.96228
-0.10676,0.65614,1.36884
-0.32459,1.17782,0.88601
0.17296,0.97172,1.31319
-0.17362,1.03755,0.95336
-0.08561,0.92407,0.86429
-0.06741,0.90919,1.02397
0.08407,1.07415,0.96438
-0.01868,1.05704,1.10036
-0.07423,0.97899,1.00374
-0.15305,1.11611,0.75502
0.14671,1.23262,0.81887
0.01944,0.81568,0.93964
0.49737,0.91113,0.86548
-0.40214,0.96805,0.76119
0.32222,0.74607,1.06567
-0.1678,1.18121,1.02233
-0.05303,0.98891,0.98187
0.1446,0.76155,1.30063
0.12757,1.0412,1.07392
0.05636,0.95474,1.24498
-0.07804,0.89799,0.8078
-0.12545,0.8515,0.65748
0.5577,1.3778,0.91431
-0.60164,1.24673,1.06563
0.07555,0.88657,1.34783
0.08413,1.05065,0.98582
-0.01399,1.03615,1.03752
0.03227,1.14875,0.68118
0.08015,0.90354,1.33203
0.06456,1.33742,0.50527
0.09065,1.14141,1.03396
0.37626,1.12537,0.73433
-0.25258,0.91446,1.27278
-0.01721,1.20289,1.06798
-0.06608,1.13841,1.03915
0.0296,1.12577,1.09695
-0.01001,0.85227,1.00795
-0.22341,1.06525,0.85268
-0.07396,0.97182,1.31416
0.05091,1.01165,1.26475
-0.01375,1.02126,1.17455
0.12094,0.74303,1.08068
0.1446,1.05379,1.2419
-0.09945,0.73515,0.96132
-0.17651,1.04344,0.61842
-0.08592,1.3171,0.90029
-0.04981,1.23336,0.80878
-0.26305,1.07503,1.06256
-0.28099,0.78771,0.72463
-0.22332,0.89641,1.09246
0.21037,1.00552,1.09124
0.13445,0.86636,1.22421
0.18072,1.01207,1.24767
-0.0836,0.80622,0.83871
-0.20356,1.10568,1.34448
0.038,0.97583,1.04649
0.24193,0.85489,0.85271
-0.04822,0.8528,0.71648
0.06818,0.91979,1.41784
0.05305,1.0429,1.15791
0.17629,1.0292,1.25963
-0.05859,0.9734,0.88358
0.05723,0.83073,1.16772
-0.10724,1.24726,0.65477
0.10658,1.05505,0.83504
-0.15007,0.90405,0.91792
0.02227,0.97516,0.30933
0.24637,1.10256,0.77931
-0.02653,0.64067,1.12302
0.43291,0.75054,0.7155
-0.06224,0.8128,0.91787
0.10553,1.17165,0.96779
-0.25894,0.96024,0.82391
-0.02502,1.13483,0.99139
-0.27309,0.91306,1.0678
-0.15,1.25115,0.83117
-0.2457,1.2244,0.85125
-0.34264,1.06658,1.08259
-0.06693,0.74812,0.72146
-0.36743,0.95326,1.33063
-0.05878,0.72658,1.30449
0.20523,0.68486,1.05716
0.03534,0.83352,1.00399
-0.1946,1.17217,0.70941
-0.1947,1.22781,0.53497
0.15124,1.04834,1.3632
-0.38254,1.13232,0.63059
-0.01366,0.84809,1.40409
-0.30467,0.96336,1.07503
0.02058,0.75025,0.83518
-0.32835,0.96564,1.02085
0.06949,1.44603,0.70796
-0.22397,1.05842,0.9795
0.08099,1.0264,1.16564
0.24651,1.29526,0.96515
-0.31231,1.36488,1.1508
-0.17001,1.01204,0.91174
-0.23397,1.18432,1.08481
0.03592,0.85645,1.08016
0.19445,0.56984,1.06362
0.03206,0.97979,0.60808
0.65993,0.88843,1.19615
-0.02023,1.21603,1.01922
0.03043,1.19437,1.24294
-0.03008,1.10099,1.0308
0.12331,1.1066,1.24079
-0.02888,1.08518,1.10584
-0.04994,1.0291,1.43444
-0.09827,0.98108,1.15139
-0.1568,0.91039,1.11435
0.26824,0.96308,1.12803
0.12349,0.95758,1.17324
0.2733,0.92178,1.13487
-0.10058,1.06868,0.984
0.05874,1.08822,1.23489
0.07482,1.48972,0.90956
-0.32726,1.10137,1.30712
0.19651,1.07602,1.28187
0.01089,1.07826,1.11003
0.09893,0.74651,1.24389
0.12811,0.97107,1.12239
0.03633,0.86353,0.88522
-0.28942,0.78645,1.00566
0.13467,0.69442,1.15624
0.13883,1.16076,0.55778
-0.03725,1.10781,0.73579
0.15015,0.99452,0.85409
0.009,0.64911,1.30512
-0.33365,0.92613,0.79438
0.12636,1.0772,0.86773
0.06533,1.0408,0.75643
0.21845,0.80363,0.60077
-0.24194,1.22201,1.24795
-0.14708,0.66202,1.09964
-0.26505,1.02312,1.08741
-0.14737,0.92582,1.03783
0.12879,0.83646,1.02305
0.17031,0.69174,1.14137
-0.05765,1.13669,0.80049
-0.12796,0.89665,0.72266
-0.22099,0.83914,1.01782
0.36677,0.71431,1.00091
0.1957,1.27236,0.88301
-0.22107,1.11128,1.0404
0.02959,1.06167,1.02697
-0.04638,1.02621,0.68023
0.00423,0.9355,1.11
0.07312,0.94767,0.94812
0.4374,1.19703,0.78639
0.21471,0.83653,0.9631
0.07934,1.39954,0.88626
-0.18639,0.83502,1.05184
0.31564,1.27912,0.98558
0.12652,0.88559,1.00904
0.06168,1.10246,0.89761
-0.07033,0.79595,1.05219
-0.29693,0.90641,1.09066
0.18177,0.77309,0.87108
-0.02917,0.95785,0.5374
0.22628,1.12093,0.97019
0.21653,1.27475,1.11671
-0.01345,0.66912,1.47938
-0.08879,1.16724,1.18784
0.28575,1.25367,0.6072
0.12198,1.02016,1.30028
0.04408,0.86925,1.46834
0.25972,1.14836,1.30146
0.39511,1.19429,1.09587
-0.28388,1.06409,0.78581
0.07365,1.16724,0.8723
0.21372,0.90686,0.94363
-0.12982,1.41916,1.19023
-0.10421,0.66417,0.84863
-0.26531,0.9352,0.88577
-0.01372,0.91917,0.81674
-0.12853,0.76258,0.89252
-0.23663,1.06315,0.78128
0.34617,0.79557,1.38914
-0.24175,1.06573,0.94265
0.01066,1.01966,1.01055
0.01827,0.98097,0.94289
0.11128,0.85465,1.35217
-0.22217,1.03168,1.238
0.06438,1.05348,0.84703
0.46564,1.03561,1.35953
0.2977,1.02681,0.93671
-0.14475,1.02855,1.3213
-0.05656,0.99245,0.94617
0.05999,0.73233,0.87474
0.14408,0.63441,1.01009
0.08253,1.17296,0.82639
-0.03974,0.85775,1.12368
0.15713,0.95074,0.9548
-0.1098,0.94464,0.97837
0.02465,1.33872,0.95673
0.06547,1.28039,1.35763
0.01385,0.94916,1.26482
0.17049,0.93372,1.01257
-0.14846,0.73528,1.19981
-0.12136,1.16927,1.13082
0.05122,0.50848,1.1201
-0.09159,0.9276,0.576
0.12265,1.03521,1.293
-0.24655,0.81867,0.92748
-0.06089,1.24726,1.18651
-0.37638,1.03959,1.36585
0.37503,1.36956,0.8894
0.05742,1.60699,0.69436
0.03878,0.92913,1.35149
-0.08141,0.84013,1.17478
-0.05298,1.45577,0.76451
-0.35827,0.58466,0.90385
-0.01576,1.05668,0.82435
-0.07072,1.11114,0.91557
0.08645,1.35323,1.20818
-0.11619,0.85854,1.31219
0.0674,0.78562,1.14653
0.05152,1.02523,0.59965
0.33389,1.15605,0.81209
0.0997,1.27344,0.99149
0.19493,1.31385,0.85639
0.11776,0.91637,0.76043
-0.14549,0.68848,1.08492
-0.10919,1.19014,1.06636
-0.03844,0.91596,1.08787
-0.24581,0.74439,1.18103
0.20401,1.15758,1.30512
-0.01336,1.1642,0.83061
0.01224,0.93531,1.05859
0.04945,0.44301,1.26992
0.24318,0.99734,0.95939
-0.0669,1.06175,0.90213
-0.20086,0.93271,1.02768
0.11861,1.11109,0.73491
-0.21992,1.15295,0.80717
-0.03363,1.01648,0.99264
0.01421,1.13058,1.02804
-0.33138,0.82453,0.94826
-0.0092,0.601,1.08936
0.22206,0.73721,0.83251
0.12378,0.82151,1.08003
0.11478,0.68167,0.71743
-0.01185,1.39621,1.0278
0.08815,0.84167,0.883
-0.0939,1.02327,1.0279
0.28914,0.88441,1.07087
-0.03795,1.3312,0.79023
0.34382,1.02916,1.05859
-0.40284,1.3409,1.1152
-0.09312,0.78459,1.09645
0.05304,1.10621,1.35997
0.39625,0.71775,1.24613
-0.1826,0.99,1.0671
0.04944,0.75655,1.18953
-0.13706,0.955,1.40553
-0.14339,1.09855,0.94417
0.20535,1.28909,0.75568
-0.02085,0.81065,0.88278
-0.23012,1.16402,0.87215
0.03083,1.1733,1.40251
0.08249,0.83581,1.22062
-0.14285,1.66774,1.017
-0.05943,0.90912,0.80734
0.27371,0.94019,0.9978
-0.03898,1.03529,1.20488
-0.53114,0.42305,0.7815
0.1648,1.32109,0.59514
-0.13065,1.13354,1.17388
0.01142,0.97019,0.71127
0.11495,1.36931,1.24779
-0.46257,1.14343,1.15515
0.34218,1.0605,0.67847
0.38873,0.74137,0.98087
-0.17054,1.30939,0.74038
0.19295,1.00043,0.62837
0.54828,1.05104,0.85665
-0.21378,1.40483,0.88814
0.15909,1.09532,1.24201
-0.19835,1.02454,0.99943
-0.12189,0.79151,1.04044
-0.07342,0.97277,0.84194
-0.0355,0.87411,0.96931
0.3077,0.87123,0.95043
0.23114,0.94493,0.95785
0.21193,1.15001,1.06922
0.09081,1.25569,1.04434
0.18632,1.0025,0.37242
-0.03551,0.93198,1.02617
-0.1029,1.15768,1.03863
-0.18672,0.83602,0.90894
-0.18413,0.66711,1.23773
0.17784,1.11789,0.8542
-0.09836,0.98067,1.05609
-0.23863,0.52071,1.16788
0.32369,0.55702,1.04482
0.31792,1.05687,0.96182
0.2323,1.20547,0.7628
-0.01728,1.11318,1.2148
-0.33115,0.93414,0.84954
0.18661,1.31951,1.19551
0.02952,0.80608,1.14993
-0.12832,0.92009,1.13999
0.01342,0.84468,0.94853
-0.07394,1.0887,0.54304
0.20792,0.65763,1.12749
-0.26643,0.6744,0.90875
0.24652,0.58238,0.79058
-0.07192,0.98169,0.77225
0.12963,1.26494,0.88914
-0.14921,1.32751,0.92292
0.13153,0.80948,1.19687
-0.32036,0.89734,1.05964
-0.21228,0.80511,0.8945
0.26457,1.06299,1.02809
-0.5182,1.06817,1.18767
0.13822,1.15218,0.8729
0.00271,0.62485,1.25685
-0.24555,0.70956,0.88307
-0.11054,0.89289,0.95327
0.05227,0.85095,1.03368
-0.03492,1.1028,1.19453
0.08922,0.96416,1.34424
0.08169,0.67022,1.16908
0.45272,1.23415,0.62565
-0.0962,1.08616,0.81793
0.11412,0.83739,0.97566
-0.04465,0.74244,0.87476
-0.26738,0.9003,0.90405
0.07966,0.78151,1.01323
-0.3329,1.29088,0.82111
0.15238,0.93697,0.88942
0.01618,0.99935,1.12823
0.12645,1.15485,0.35361
-0.18076,1.10041,1.02714
-0.06872,1.34735,0.82114
-0.20385,1.09895,1.06484
0.20721,1.38955,0.85316
-0.29089,0.88693,0.94014
0.16602,0.70362,1.13534
0.05866,0.9402,1.19071
0.1806,1.04293,1.09508
0.05096,1.15465,0.70401
1.18384,0.9411,0.80836
0.81219,1.09281,0.68047
1.52558,0.69259,1.23879
1.22604,1.19723,0.88629
1.24733,1.12604,0.74234
1.36401,1.01147,1.03619
0.98575,0.92368,1.18321
0.84752,0.87336,0.94241
0.93051,0.98642,1.19954
1.11489,1.38439,0.92742
1.14039,1.04597,0.98551
1.00633,1.04342,1.19476
1.07755,0.56671,0.84393
1.21191,1.11582,0.90242
0.87364,0.8829,0.65133
1.0806,0.99455,0.96241
0.62097,0.97354,0.70382
1.059,0.87714,1.06579
1.20904,1.22225,1.11537
1.13669,1.23763,1.04158
0.98322,0.96117,1.03503
1.14316,0.74548,1.35696
1.353,0.84723,0.86663
0.98478,1.38845,1.18617
0.52626,0.75213,0.6638
1.08573,1.00979,1.22443
1.15251,0.85811,1.00008
1.0925,0.7811,0.8856
1.32729,1.12468,1.33761
0.88025,1.08837,0.95666
1.03817,0.98656,1.13761
1.3383,1.26258,1.1339
0.84824,1.06636,0.89554
0.85418,1.05829,1.04055
0.91097,1.30635,0.88929
0.65504,1.30217,0.57625
0.99011,0.54764,0.83776
0.75189,0.83055,0.53486
0.63777,1.19508,0.96797
1.15063,1.24831,1.06652
0.80818,0.94546,1.0238
1.25972,1.36157,0.70467
0.95345,1.17118,1.22635
1.03278,1.06111,0.89527
1.34564,1.01037,0.68902
1.09129,1.15448,0.90892
0.91714,0.72822,1.16193
0.9125,0.93522,1.16495
1.01862,0.71579,1.10243
1.0117,0.84306,0.63616
0.94175,1.00972,1.3721
0.94997,1.24094,1.25553
1.0256,0.87422,0.90177
1.09839,1.11704,1.16065
0.80434,0.91943,0.66995
0.83523,1.18689,0.99672
0.93861,1.0876,1.30713
0.91062,0.97787,1.11443
0.93806,0.77048,1.29867
1.00364,1.06102,0.49619
1.33559,1.1942,0.99039
0.89938,0.57904,1.16727
0.84518,0.73695,0.93285
1.2771,0.91239,1.05365
0.89543,1.40472,0.99268
0.70155,0.90259,1.0893
0.64392,0.92908,0.99134
0.76841,0.99327,0.99017
0.7607,1.15085,0.93889
0.97481,0.84719,0.96918
0.69865,0.99522,1.03428
1.07835,0.7788,0.79665
0.837,1.306,0.92075
0.94548,1.20701,1.09511
1.1012,1.08778,0.90526
1.08374,1.00894,1.04156
0.7375,0.95282,1.51291
0.84752,0.94143,1.11833
0.97817,1.13898,0.7048
0.988,0.87999,1.05138
0.59702,1.07042,1.16281
0.73915,1.16566,0.60339
1.09658,1.23845,1.0127
0.8617,1.09051,1.05
0.66904,0.99751,1.4556
0.91981,0.87391,1.31132
0.69677,0.97398,0.71754
1.18447,0.85877,1.0131
1.4003,1.27409,0.96328
1.02229,1.04917,0.84939
0.95717,1.04573,1.13141
0.9628,1.31965,1.04952
1.0328,1.36232,0.70229
0.94155,0.90541,0.58729
0.73411,0.98904,0.99429
1.12433,1.14487,1.48186
0.55839,0.90036,0.75685
0.87997,1.13694,1.13604
0.94272,1.13559,0.85693
0.94354,0.59674,0.78434
1.16953,0.97078,0.98643
0.67666,0.72679,1.32081
0.74105,1.23476,0.97118
0.9043,1.21546,1.02547
1.23123,1.02888,0.52488
0.68974,1.09959,0.91262
1.16926,0.7999,1.25303
0.96804,0.93962,0.85087
1.11833,0.94562,0.8848
1.22925,1.0391,0.83845
0.90512,0.94954,0.71356
0.98333,1.2085,0.96696
0.84558,0.94316,0.83008
0.63383,1.25052,1.08927
1.1018,1.02326,0.77487
1.00663,0.91202,0.80555
0.86654,1.04502,0.9173
1.3769,0.96532,1.14338
1.01734,0.93694,1.00625
1.03661,0.76377,1.20419
0.75209,0.73556,0.93341
1.18962,0.78164,0.84958
0.78032,0.98382,0.62582
0.82001,1.2888,1.13223
0.92845,0.96432,1.28091
1.31996,1.04955,0.96793
0.92428,0.94277,1.1075
1.10806,1.11427,0.86521
0.80091,1.0691,1.01547
1.08623,1.15433,1.23274
1.24441,0.9503,0.9767
1.09192,1.2683,0.81333
0.99243,0.8405,0.84178
1.17964,1.18666,0.64023
0.90874,1.04162,0.78231
0.92682,1.2618,0.80449
0.84521,0.8762,1.15995
1.06361,0.78951,0.84967
0.96605,0.9388,1.13879
1.0111,1.25404,1.18034
1.39071,1.21089,1.15973
0.8719,0.92945,0.99762
0.79519,1.21139,1.4302
0.65365,1.16019,1.09389
0.60771,0.91101,1.33833
0.68371,0.81133,1.23338
1.38941,0.95301,1.25392
1.17015,1.15521,0.78285
1.19116,1.07535,0.80842
0.6674,1.31414,1.00537
1.13179,0.82264,0.93148
0.77216,1.11645,1.03657
0.82692,1.06822,0.7074
0.99997,1.19929,1.07524
1.11942,0.95174,0.91966
0.94847,1.19363,0.85513
0.93344,0.88058,0.79133
0.87046,0.91441,0.88475
0.94906,1.22234,1.26021
0.46874,1.08957,1.08525
0.76624,0.985,0.85453
0.96467,1.14135,0.99134
1.4285,1.24873,1.30676
0.8229,1.03669,0.74922
0.80019,0.8149,1.20294
0.92779,0.99084,1.06356
0.49229,0.66342,0.82073
1.08931,0.5192,0.68808
1.35878,0.95806,1.29362
1.3574,1.14397,0.67949
0.84258,1.17892,0.86373
1.03808,0.78037,0.98445
1.18131,0.91037,0.79183
1.24593,0.56239,1.14253
1.17351,0.94068,1.11918
0.72896,1.12384,0.90503
0.65904,1.19669,1.08089
1.07242,0.86981,1.19043
1.05304,1.39535,0.89717
0.67983,0.95782,1.00614
1.16853,1.20869,1.06961
1.15395,1.38329,0.78182
0.74129,1.13898,0.89971
1.01672,0.89424,1.10453
1.02396,0.67369,0.97555
0.91803,0.85092,0.68893
1.21978,0.70765,1.02951
0.79127,0.9698,1.16792
1.00871,0.92999,1.01509
0.83339,1.408,1.24012
0.8927,1.10831,0.96543
1.16613,1.07019,0.86352
1.08541,0.90831,0.96726
0.94088,1.15582,1.23521
0.77832,0.47238,0.85248
1.01593,1.04119,1.13627
0.81718,0.68092,1.2147
0.88082,0.70817,1.52612
0.7269,1.20853,0.54146
0.71713,0.84941,0.85141
0.62792,0.92106,1.0236
0.92863,0.91085,0.85337
0.66215,0.99501,1.25594
1.50716,1.37596,1.31637
1.01646,1.13023,0.99064
0.79362,0.89858,0.89625
1.23195,0.92074,1.21034
0.95911,1.16532,0.63486
0.96351,0.67143,0.92057
0.87074,1.05723,1.01626
0.90211,1.20617,1.42986
0.73936,0.78243,0.69364
0.95855,0.9555,0.98351
0.77635,1.01968,0.77446
1.05037,0.57225,0.84989
1.32641,1.1855,1.02111
1.08605,1.0731,1.11204
1.03367,0.65052,0.94077
1.22302,0.74361,1.18657
1.05068,0.96587,0.95089
0.69055,0.93532,0.78638
1.17448,0.83206,1.17312
0.84164,0.72278,0.74827
0.89228,1.22652,0.8776
0.8836,1.03825,0.82982
0.90303,1.28484,0.90003
0.79954,0.81291,1.22613
1.1498,0.95728,1.33314
1.13138,1.10032,0.99413
0.94523,1.07532,1.20905
0.84822,1.07748,1.18498
1.0787,1.03238,0.78103
1.04377,0.90745,0.99114
1.09662,0.90828,1.19411
1.13249,1.0456,0.9724
0.96432,0.88831,0.9298
1.06293,1.06395,0.65229
0.80869,0.60867,0.88108
1.2795,0.84906,1.21353
1.14934,1.00932,1.18431
1.38646,0.84375,1.01828
0.7011,1.03393,0.96523
1.34467,1.37138,0.85904
0.85315,1.31519,1.00849
0.83057,0.8501,0.87988
0.94854,0.99068,0.85451
0.57427,0.94382,0.83119
1.03663,0.84474,1.34652
0.9481,1.02897,0.87017
1.19837,1.01549,0.99531
0.94949,0.90525,1.13213
1.2987,0.8769,0.67623
0.82094,1.03321,0.96554
1.19273,0.91446,1.05658
1.41346,0.64351,0.76277
1.12576,0.96204,0.815
1.04073,0.94811,1.26014
0.99225,0.94825,1.53234
0.90857,0.93284,1.12553
1.01914,0.82893,0.66942
0.77317,0.83046,1.07056
1.56374,0.67503,1.00212
0.99014,1.15125,0.84307
0.85852,0.75091,1.0047
0.84095,0.96478,1.25673
1.1851,0.51375,0.81474
0.93911,0.92341,0.96119
1.29234,1.06726,0.93367
1.2613,0.79374,0.99865
1.17653,0.88147,0.46121
1.04349,1.15882,1.11745
0.82023,0.84851,1.03314
1.066,1.17607,0.97761
0.88813,1.18395,0.95719
0.7619,1.16382,0.93271
1.24952,1.06273,0.94549
0.61059,1.1539,1.18449
1.55361,0.99452,0.88669
0.92397,1.30465,0.95615
1.00108,1.09894,0.84976
1.48442,0.95363,0.97213
1.14357,1.25238,0.67099
0.96687,1.01913,1.60004
0.76528,1.12106,0.75931
0.83093,0.74703,1.06792
1.04818,1.10022,1.34577
1.08079,1.19806,1.17582
0.73405,0.99322,1.02556
1.10542,1.30945,0.9374
0.92566,0.82661,0.94403
0.9684,1.10377,0.93317
1.09776,1.10636,0.66471
0.8263,1.16351,0.94995
0.82522,1.36494,0.83391
1.07077,1.01654,0.6156
1.34944,1.13001,0.93512
1.18632,1.05888,0.80414
0.59132,0.61349,0.80735
0.72482,0.90048,0.92087
1.17065,0.81275,0.66255
0.8141,0.87217,0.74611
1.36285,0.82165,0.83703
0.88975,0.97251,0.83886
1.02204,1.01643,1.21252
1.15701,0.8125,0.77823
0.9624,1.07785,0.81172
1.09347,1.22083,1.02133
1.01864,0.83028,1.02683
0.86218,1.05985,1.20906
0.89896,1.09333,1.00168
0.82803,0.7982,0.97228
1.01824,0.89379,1.13559
0.98669,0.9457,0.90002
0.85434,0.97591,1.32472
0.96786,1.10419,0.82955
1.1311,0.95105,0.84185
1.05283,1.01171,0.82045
1.12349,0.89561,0.9941
1.00553,1.07815,1.12857
1.1332,0.77722,0.99199
0.67947,1.35907,0.75824
0.91719,0.60165,1.12669
0.9503,0.91013,1.3303
1.00278,0.71478,1.10746
0.67973,1.17871,0.76119
1.28257,0.93599,1.18662
1.1926,0.78589,0.71107
1.03213,0.76606,0.99569
1.19583,1.0095,0.91259
0.97115,0.67402,1.15352
1.14289,0.89024,1.12483
1.17322,1.09401,0.83553
1.19693,1.4843,0.55618
0.95796,0.90362,1.14338
0.96838,0.94376,0.89868
1.30743,1.45971,0.90756
0.73339,1.14335,0.91084
1.14289,1.33966,1.32627
1.17257,0.77224,0.76542
0.63184,0.99188,0.83354
0.95166,1.06805,0.9043
1.30572,0.97804,0.76957
1.02004,0.8096,0.98654
0.9273,0.942,0.93093
0.8513,0.49512,0.90016
0.92336,0.93471,1.08452
1.13254,1.25837,1.13765
1.05663,1.09477,0.95681
1.11843,1.02762,1.00092
0.92901,0.87458,0.78285
0.90885,0.76705,1.06589
0.8132,1.14179,0.95114
1.08872,1.42509,0.93983
1.22359,0.90576,0.87632
0.95876,0.86288,1.05502
1.19455,1.00043,1.21462
1.00139,0.9233,1.10463
0.91055,1.10132,0.95295
1.12408,0.89871,1.08565
0.73029,1.32698,0.937
0.84,0.85729,1.00668
1.23268,1.20318,1.24798
1.12272,1.0835,0.60923
1.03525,0.911,1.07752
0.95275,1.12766,1.07087
1.04677,1.0583,1.08114
0.54333,1.2978,0.72426
0.85837,1.06557,1.32659
0.8523,1.16928,1.38225
1.00872,0.96578,0.85747
1.14187,0.85181,1.01164
0.71471,1.20915,0.91934
0.90539,0.95626,0.96607
0.8498,0.95841,0.93829
1.00889,0.79014,1.21322
1.0032,1.06944,1.27086
0.7851,1.05637,0.86303
0.74924,1.00438,1.24638
0.99866,1.02911,1.04521
1.19343,0.86225,0.91729
0.87691,0.99791,1.011
1.31995,1.18969,1.1129
0.95333,0.79766,1.00618
0.78965,1.06215,1.51351
0.87007,0.57218,1.05425
0.98715,1.44024,0.71259
0.99906,0.86166,0.89611
1.15856,0.5764,0.92822
1.07346,1.05133,0.87098
0.92047,1.08341,0.81874
1.26637,0.99002,1.01048
1.15012,1.24831,1.21148
0.94367,1.23018,0.46686
0.86278,1.00761,1.11133
1.21333,1.16323,1.18511
1.0824,1.3833,1.13553
1.13739,0.79014,0.84557
1.00149,1.19258,0.7117
1.33161,0.87751,1.31018
0.97868,1.131,1.2056
1.04789,1.0157,0.56467
0.81018,1.04048,0.68706
0.91014,1.05769,0.78862
1.01723,1.04175,0.7182
0.89353,1.12189,1.39666
1.25602,1.13943,1.28332
1.09205,1.02396,1.07221
1.18969,1.14303,1.05304
0.63484,1.15935,0.94979
0.72293,0.90712,0.84602
0.62128,1.4547,1.00531
1.10846,0.76151,1.45419
1.31028,0.96523,0.72897
0.58633,0.91925,1.24938
1.044,0.64078,1.25237
1.21414,1.3654,0.97469
1.21779,0.90871,1.1025
1.24091,0.86256,0.8965
1.03707,0.63788,0.69784
0.81754,1.26198,1.20549
1.11966,0.83565,1.08373
0.94836,1.15184,1.14181
0.74107,0.99556,1.32997
0.99837,1.29911,0.94972
0.95555,0.61948,1.0997
0.91239,0.91343,1.08501
1.28214,0.8022,1.14201
0.60157,1.22538,1.04886
1.06197,1.16287,1.02983
1.57622,0.83353,0.81265
1.12797,1.34972,0.78285
1.29185,1.11438,1.23448
0.96653,0.79096,0.8287
1.04323,0.87754,1.04568
0.98735,1.11981,0.79406
0.88227,1.17812,1.08107
1.49859,0.69776,1.43231
0.71174,0.84206,0.70524
0.80376,0.73931,1.16364
0.90024,0.75698,0.80406
1.03138,1.18525,1.27479
1.36323,0.97483,0.96735
1.16663,1.13651,0.67597
0.88953,0.67529,0.81131
0.81309,0.72685,0.95711
0.87968,1.33814,1.01293
1.05694,1.01336,0.97629
1.13603,1.21266,0.67582
0.93221,0.89993,0.86121
0.47669,1.04857,0.93311
0.6707,0.98309,1.20107
0.92416,1.10031,0.59913
1.03338,1.27838,0.82081
1.23126,0.88815,0.71064
1.02079,1.21488,1.31254
1.21238,1.18611,0.81665
1.16422,0.94119,1.49816
1.14739,0.79951,1.2092
1.13543,1.28488,1.37741
0.92882,0.76765,0.6694
0.91378,0.91083,0.96137
1.10992,0.70236,1.47857
0.74857,1.04187,1.11546
1.23861,0.86522,0.89695
1.14669,1.00791,0.86777
1.04442,0.78228,1.12399
0.92844,1.35235,0.68318
1.15684,0.92756,1.18303
0.93479,0.85772,0.68113
1.07309,1.04483,0.87223
0.87071,1.0479,0.93283
0.86842,0.95296,1.0542
1.08538,0.55601,1.21481
1.07672,0.99877,1.20123
1.1285,0.88789,0.93729
0.95544,0.70309,0.67322
0.95461,1.3906,1.35729
1.27559,1.13359,0.68923
0.97736,1.43748,1.2179
1.10645,1.13522,0.9019
0.85825,1.06964,0.95278
0.64499,0.73124,1.44428
1.15993,0.86343,1.02596
0.927,0.90902,1.09036
1.0921,0.93661,1.33015
1.15682,0.88998,0.87782
0.91858,1.32362,0.96989
0.80845,1.19282,1.21258
1.0564,0.99608,1.08986
0.89449,0.92486,0.83424
0.88984,1.31263,0.86532
1.06254,1.25884,0.85832
0.97657,0.73288,1.11615
1.20243,0.9693,0.9318
0.84353,0.85516,1.22303
0.96504,0.95319,1.13418
1.40558,1.03519,0.80022
0.71854,0.8961,1.07558
0.72128,1.2954,0.95529
0.87809,0.99994,0.9601
